
g
v -6.605458 1.398024 -0.202733
v -6.604424 1.499747 -0.060349
v -6.684363 1.615364 0.043884
v -6.823854 1.713897 0.082036
v -6.985521 1.768943 0.043884
v -7.126046 1.765752 -0.060349
v -7.207776 1.705181 -0.202733
v -7.208810 1.603458 -0.345118
v -7.128871 1.487841 -0.449351
v -6.989380 1.389308 -0.487503
v -6.827713 1.334262 -0.449351
v -6.687188 1.337453 -0.345118
v -6.731377 1.107915 -0.003318
v -6.730406 1.207483 0.140582
v -6.811950 1.318200 0.248815
v -6.954159 1.410400 0.292379
v -7.118927 1.459378 0.259601
v -7.262107 1.452010 0.159265
v -7.345332 1.390271 0.018254
v -7.346303 1.290703 -0.125646
v -7.264759 1.179986 -0.233879
v -7.122550 1.087786 -0.277443
v -6.957781 1.038808 -0.244665
v -6.814602 1.046176 -0.144329
v -6.839910 0.809695 0.195198
v -6.838859 0.907119 0.340558
v -6.921686 1.012840 0.452739
v -7.066198 1.098530 0.501684
v -7.233672 1.141230 0.474276
v -7.379235 1.129496 0.377861
v -7.463882 1.066474 0.238272
v -7.464932 0.969050 0.092912
v -7.382105 0.863329 -0.019270
v -7.237593 0.777638 -0.068214
v -7.070119 0.734939 -0.040807
v -6.924557 0.746673 0.055609
v -6.929406 0.504201 0.389324
v -6.928395 0.598613 0.536658
v -7.012456 0.698328 0.653332
v -7.159063 0.776626 0.708083
v -7.328933 0.812528 0.686242
v -7.476551 0.796414 0.593660
v -7.562361 0.732602 0.455144
v -7.563371 0.638189 0.307810
v -7.479311 0.538475 0.191136
v -7.332703 0.460177 0.136384
v -7.162833 0.424274 0.158226
v -7.015216 0.440389 0.250808
v -6.998662 0.191473 0.576283
v -6.997699 0.281942 0.726071
v -7.082817 0.374536 0.847740
v -7.231208 0.444442 0.908690
v -7.403113 0.472931 0.892589
v -7.552468 0.452369 0.803752
v -7.639255 0.388264 0.665981
v -7.640218 0.297795 0.516193
v -7.555101 0.205202 0.394524
v -7.406709 0.135295 0.333574
v -7.234804 0.106806 0.349675
v -7.085449 0.127369 0.438513
v -7.048087 -0.129636 0.756975
v -7.046908 -0.043123 0.909081
v -7.132603 0.042214 1.035557
v -7.282208 0.103508 1.102514
v -7.455638 0.124336 1.092011
v -7.606422 0.099117 1.006862
v -7.694157 0.034609 0.869884
v -7.695336 -0.051905 0.717778
v -7.609641 -0.137241 0.591303
v -7.460036 -0.198536 0.524346
v -7.286606 -0.219364 0.534848
v -7.135822 -0.194145 0.619997
v -7.075446 -0.456418 0.927419
v -7.073856 -0.374692 1.082146
v -7.159729 -0.297785 1.213802
v -7.310055 -0.246306 1.287110
v -7.484553 -0.234047 1.282428
v -7.636468 -0.264294 1.201009
v -7.725095 -0.328941 1.064671
v -7.726684 -0.410668 0.909945
v -7.640812 -0.487574 0.778289
v -7.490486 -0.539053 0.704980
v -7.315987 -0.551312 0.709663
v -7.164072 -0.521065 0.791081
v -7.078975 -0.787508 1.084647
v -7.076643 -0.711468 1.242236
v -7.162106 -0.644295 1.379371
v -7.312465 -0.603989 1.459305
v -7.487432 -0.601350 1.460621
v -7.640124 -0.637084 1.382966
v -7.729627 -0.701618 1.247148
v -7.731959 -0.777658 1.089558
v -7.646496 -0.844831 0.952424
v -7.496136 -0.885137 0.872490
v -7.321170 -0.887777 0.871174
v -7.168478 -0.852042 0.948829
v -7.058952 -1.124876 1.229895
v -7.055473 -1.054503 1.390075
v -7.139811 -0.997169 1.532278
v -7.289369 -0.968236 1.618402
v -7.464073 -0.975457 1.625369
v -7.617110 -1.016897 1.551313
v -7.707475 -1.081453 1.416077
v -7.710954 -1.151826 1.255897
v -7.626616 -1.209160 1.113694
v -7.477058 -1.238092 1.027570
v -7.302354 -1.230871 1.020603
v -7.149317 -1.189431 1.094659
v -7.013644 -1.463565 1.359152
v -7.008514 -1.399489 1.521910
v -7.090864 -1.353090 1.669177
v -7.238629 -1.336800 1.761493
v -7.412214 -1.354985 1.774123
v -7.565108 -1.402771 1.703682
v -7.656343 -1.467354 1.569045
v -7.661472 -1.531430 1.406288
v -7.579122 -1.577830 1.259021
v -7.431358 -1.594120 1.166704
v -7.257772 -1.575935 1.154074
v -7.104878 -1.528149 1.224515
v -6.941571 -1.800229 1.469412
v -6.934139 -1.743136 1.634661
v -7.013385 -1.708897 1.786877
v -7.158075 -1.706686 1.885275
v -7.329438 -1.737096 1.903488
v -7.481560 -1.791977 1.836636
v -7.573678 -1.856626 1.702633
v -7.581109 -1.913718 1.537384
v -7.501864 -1.947957 1.385168
v -7.357174 -1.950168 1.286770
v -7.185810 -1.919759 1.268557
v -7.033689 -1.864877 1.335409
v -6.842532 -2.137513 1.561918
v -6.832269 -2.087242 1.729219
v -6.907439 -2.065058 1.885678
v -7.047900 -2.076906 1.989372
v -7.216015 -2.119611 2.012517
v -7.366737 -2.181731 1.948911
v -7.459682 -2.246620 1.815596
v -7.469945 -2.296892 1.648296
v -7.394775 -2.319076 1.491837
v -7.254315 -2.307227 1.388143
v -7.086200 -2.264522 1.364998
v -6.935477 -2.202402 1.428604
v -6.716486 -2.468201 1.633327
v -6.702699 -2.424980 1.802336
v -6.772504 -2.415519 1.962522
v -6.907196 -2.442353 2.070965
v -7.070686 -2.498292 2.098607
v -7.219165 -2.568348 2.038042
v -7.312849 -2.633748 1.905497
v -7.326636 -2.676969 1.736489
v -7.256831 -2.686430 1.576302
v -7.122139 -2.659596 1.467859
v -6.958649 -2.603657 1.440217
v -6.810170 -2.533601 1.500782
v -6.563404 -2.786587 1.681050
v -6.545246 -2.750696 1.851356
v -6.608085 -2.754743 2.014625
v -6.735084 -2.797643 2.127110
v -6.892213 -2.867903 2.158670
v -7.037370 -2.946695 2.100849
v -7.131660 -3.012907 1.969140
v -7.149818 -3.048799 1.798834
v -7.086979 -3.044752 1.635565
v -6.959980 -3.001852 1.523080
v -6.802851 -2.931592 1.491520
v -6.657694 -2.852800 1.549341
v -6.382306 -3.095760 1.706001
v -6.359220 -3.066763 1.877022
v -6.413967 -3.083753 2.042358
v -6.531879 -3.142176 2.157708
v -6.681361 -3.226378 2.192163
v -6.822359 -3.313798 2.136492
v -6.917093 -3.381011 2.005611
v -6.940179 -3.410008 1.834590
v -6.885432 -3.393019 1.669253
v -6.767520 -3.334596 1.553904
v -6.618038 -3.250393 1.519448
v -6.477040 -3.162973 1.575120
v -6.175910 -3.387008 1.706353
v -6.147213 -3.364629 1.877519
v -6.192373 -3.394477 2.043927
v -6.299289 -3.468555 2.160988
v -6.439314 -3.567013 2.197337
v -6.574927 -3.663469 2.143233
v -6.669791 -3.732079 2.013173
v -6.698487 -3.754458 1.842008
v -6.653327 -3.724610 1.675600
v -6.546411 -3.650532 1.558538
v -6.406387 -3.552074 1.522189
v -6.270774 -3.455618 1.576294
v -5.946855 -3.652806 1.680762
v -5.911703 -3.636809 1.851439
v -5.945403 -3.679511 2.017760
v -6.038926 -3.769470 2.135161
v -6.167212 -3.882581 2.172184
v -6.295886 -3.988536 2.118908
v -6.390472 -4.058946 1.989609
v -6.425624 -4.074942 1.818933
v -6.391923 -4.032240 1.652611
v -6.298401 -3.942282 1.535211
v -6.170115 -3.829171 1.498188
v -6.041440 -3.723215 1.551463
v -5.693131 -3.896370 1.629505
v -5.651107 -3.885963 1.799056
v -5.672327 -3.940244 1.964057
v -5.751106 -4.044669 2.080295
v -5.866335 -4.171256 2.116625
v -5.987138 -4.286088 2.063312
v -6.081147 -4.358394 1.934642
v -6.123171 -4.368801 1.765090
v -6.101951 -4.314520 1.600090
v -6.023172 -4.210096 1.483851
v -5.907943 -4.083508 1.447521
v -5.787140 -3.968677 1.500834
v -5.420711 -4.109325 1.553211
v -5.371415 -4.103704 1.721021
v -5.378905 -4.168447 1.883422
v -5.441175 -4.286207 1.996900
v -5.541539 -4.425430 2.031046
v -5.653105 -4.548812 1.976713
v -5.745978 -4.623292 1.848458
v -5.795274 -4.628913 1.680648
v -5.787784 -4.564170 1.518246
v -5.725514 -4.446410 1.404769
v -5.625150 -4.307187 1.370623
v -5.513584 -4.183805 1.424956
v -5.135737 -4.283970 1.452842
v -5.078604 -4.282364 1.618236
v -5.070705 -4.356463 1.776568
v -5.114156 -4.486413 1.885412
v -5.197315 -4.637393 1.915604
v -5.297899 -4.768949 1.859054
v -5.388957 -4.845830 1.730915
v -5.446090 -4.847436 1.565521
v -5.453990 -4.773337 1.407189
v -5.410539 -4.643387 1.298345
v -5.327380 -4.492407 1.268153
v -5.226795 -4.360851 1.324703
v -4.835176 -4.422953 1.327753
v -4.770138 -4.424260 1.490204
v -4.746367 -4.505658 1.643277
v -4.770232 -4.645333 1.745957
v -4.835338 -4.805862 1.770730
v -4.924241 -4.944230 1.710958
v -5.013118 -5.023362 1.582658
v -5.078156 -5.022054 1.420207
v -5.101927 -4.940657 1.267133
v -5.078062 -4.800981 1.164454
v -5.012956 -4.640452 1.139681
v -4.924053 -4.502084 1.199452
v -4.526956 -4.521175 1.181154
v -4.454159 -4.524262 1.340254
v -4.414205 -4.610855 1.486976
v -4.417800 -4.757751 1.582006
v -4.463981 -4.925590 1.599880
v -4.540374 -5.069399 1.535808
v -4.626509 -5.150645 1.406960
v -4.699306 -5.147558 1.247859
v -4.739259 -5.060965 1.101137
v -4.735664 -4.914069 1.006108
v -4.689483 -4.746230 0.988234
v -4.613090 -4.602421 1.052305
v -4.219981 -4.573627 1.016771
v -4.139415 -4.577408 1.172068
v -4.082610 -4.667088 1.311182
v -4.064786 -4.818637 1.396838
v -4.090720 -4.991449 1.406085
v -4.153462 -5.139219 1.336445
v -4.236200 -5.222351 1.206578
v -4.316766 -5.218570 1.051282
v -4.373571 -5.128890 0.912168
v -4.391395 -4.977341 0.826512
v -4.365461 -4.804529 0.817265
v -4.302719 -4.656759 0.886905
v -3.911099 -4.581374 0.833194
v -3.823177 -4.584715 0.984457
v -3.750004 -4.675054 1.115249
v -3.711187 -4.828184 1.190525
v -3.717127 -5.003074 1.190115
v -3.766232 -5.152863 1.114128
v -3.845345 -5.237414 0.982925
v -3.933268 -5.234073 0.831663
v -4.006441 -5.143735 0.700870
v -4.045258 -4.990605 0.625594
v -4.039318 -4.815715 0.626004
v -3.990213 -4.665926 0.701991
v -3.606260 -4.544102 0.635571
v -3.512144 -4.546048 0.783086
v -3.424070 -4.634819 0.905498
v -3.365638 -4.786628 0.970008
v -3.352503 -4.960799 0.959330
v -3.388185 -5.110662 0.876325
v -3.463124 -5.196062 0.743235
v -3.557240 -5.194116 0.595720
v -3.645313 -5.105345 0.473308
v -3.703746 -4.953536 0.408798
v -3.716881 -4.779365 0.419476
v -3.681199 -4.629502 0.502481
v -3.313913 -4.461519 0.430284
v -3.214546 -4.461335 0.574327
v -3.112638 -4.546540 0.688244
v -3.035496 -4.694302 0.741511
v -3.003790 -4.865030 0.719856
v -3.026015 -5.012975 0.629081
v -3.096215 -5.098498 0.493509
v -3.195582 -5.098681 0.349466
v -3.297490 -5.013476 0.235550
v -3.374632 -4.865714 0.182282
v -3.406338 -4.694987 0.203937
v -3.384113 -4.547041 0.294712
v -3.032773 -4.333194 0.216262
v -2.928771 -4.330213 0.356963
v -2.814204 -4.410018 0.462450
v -2.719769 -4.551225 0.504457
v -2.670770 -4.715998 0.471729
v -2.680336 -4.860185 0.373035
v -2.745904 -4.945152 0.234820
v -2.849906 -4.948133 0.094118
v -2.964473 -4.868328 -0.011368
v -3.058908 -4.727121 -0.053376
v -3.107907 -4.562348 -0.020648
v -3.098341 -4.418161 0.078047
v -2.764276 -4.160794 0.005835
v -2.658965 -4.156181 0.145514
v -2.535315 -4.230441 0.244600
v -2.426458 -4.363677 0.276542
v -2.361562 -4.520188 0.232783
v -2.358017 -4.658037 0.125047
v -2.416771 -4.740288 -0.017798
v -2.522083 -4.744901 -0.157477
v -2.645733 -4.670641 -0.256563
v -2.754590 -4.537405 -0.288506
v -2.819485 -4.380894 -0.244747
v -2.823031 -4.243045 -0.137011
v -2.513103 -3.947473 -0.187286
v -2.409208 -3.943173 -0.046540
v -2.279167 -4.012265 0.047999
v -2.157824 -4.136236 0.070999
v -2.077693 -4.281868 0.016298
v -2.060244 -4.410140 -0.101447
v -2.110154 -4.486680 -0.250688
v -2.214048 -4.490980 -0.391434
v -2.344089 -4.421888 -0.485973
v -2.465432 -4.297916 -0.508973
v -2.545563 -4.152284 -0.454272
v -2.563012 -4.024013 -0.336526
v -2.279517 -3.693083 -0.363993
v -2.177046 -3.689342 -0.222191
v -2.041244 -3.752436 -0.131643
v -1.908499 -3.865462 -0.116612
v -1.814379 -3.998133 -0.181126
v -1.784104 -4.114900 -0.307897
v -1.825786 -4.184475 -0.462957
v -1.928257 -4.188217 -0.604759
v -2.064059 -4.125122 -0.695307
v -2.196804 -4.012097 -0.710338
v -2.290924 -3.879426 -0.645824
v -2.321199 -3.762659 -0.519053
v -2.057200 -3.403370 -0.507963
v -1.960012 -3.405462 -0.362456
v -1.822758 -3.466594 -0.272755
v -1.682215 -3.570384 -0.262894
v -1.576042 -3.689023 -0.335516
v -1.532687 -3.790721 -0.471162
v -1.563767 -3.848229 -0.633486
v -1.660954 -3.846136 -0.778992
v -1.798208 -3.785005 -0.868694
v -1.938751 -3.681214 -0.878555
v -2.044924 -3.562575 -0.805933
v -2.088280 -3.460877 -0.670287
v -1.845134 -3.088591 -0.600097
v -1.756903 -3.103176 -0.449683
v -1.621810 -3.167362 -0.358842
v -1.476053 -3.263949 -0.351915
v -1.358689 -3.367057 -0.430758
v -1.301163 -3.449058 -0.574246
v -1.318891 -3.487980 -0.743930
v -1.407123 -3.473395 -0.894344
v -1.542216 -3.409209 -0.985185
v -1.687972 -3.312622 -0.992112
v -1.805337 -3.209514 -0.913269
v -1.862863 -3.127513 -0.769782
v -1.645962 -2.751224 -0.640091
v -1.566222 -2.779345 -0.486883
v -1.433166 -2.846826 -0.395426
v -1.282445 -2.935585 -0.390226
v -1.154445 -3.021839 -0.472677
v -1.083463 -3.082478 -0.620686
v -1.088520 -3.101252 -0.794594
v -1.168259 -3.073131 -0.947803
v -1.301316 -3.005650 -1.039259
v -1.452037 -2.916891 -1.044459
v -1.580037 -2.830637 -0.962008
v -1.651018 -2.769998 -0.813999
v -1.451586 -2.399305 -0.626995
v -1.381126 -2.443482 -0.473028
v -1.252128 -2.517964 -0.381192
v -1.099158 -2.602794 -0.376093
v -0.963203 -2.675242 -0.459097
v -0.880694 -2.715895 -0.607965
v -0.873737 -2.713860 -0.782806
v -0.944198 -2.669682 -0.936773
v -1.073196 -2.595200 -1.028609
v -1.226166 -2.510370 -1.033708
v -1.362120 -2.437922 -0.950703
v -1.444630 -2.397270 -0.801836
v -1.259637 -2.049557 -0.556587
v -1.199856 -2.112738 -0.404743
v -1.077085 -2.198294 -0.314028
v -0.924218 -2.283300 -0.308748
v -0.782218 -2.344980 -0.390317
v -0.689133 -2.366805 -0.536881
v -0.669905 -2.342929 -0.709166
v -0.729686 -2.279748 -0.861009
v -0.852458 -2.194193 -0.951725
v -1.005324 -2.109186 -0.957005
v -1.147324 -2.047507 -0.875435
v -1.240409 -2.025681 -0.728872
v -1.074167 -1.708840 -0.428308
v -1.024790 -1.790690 -0.281732
v -0.908098 -1.887152 -0.193982
v -0.755359 -1.972379 -0.188569
v -0.607500 -2.023533 -0.266944
v -0.504138 -2.026910 -0.408107
v -0.472970 -1.981603 -0.574233
v -0.522347 -1.899752 -0.720809
v -0.639039 -1.803290 -0.808560
v -0.791778 -1.718064 -0.813972
v -0.939638 -1.666909 -0.735597
v -1.042999 -1.663533 -0.594434
v -0.886525 -1.371693 -0.260310
v -0.844647 -1.465967 -0.118957
v -0.732919 -1.570724 -0.034313
v -0.581276 -1.657896 -0.029060
v -0.430353 -1.704125 -0.104604
v -0.320587 -1.697023 -0.240703
v -0.281392 -1.638494 -0.400891
v -0.323269 -1.544221 -0.542244
v -0.434998 -1.439463 -0.626888
v -0.586640 -1.352291 -0.632142
v -0.737564 -1.306062 -0.556598
v -0.847329 -1.313164 -0.420498
v -0.691872 -1.040565 -0.071166
v -0.654944 -1.141906 0.066632
v -0.547251 -1.252767 0.148693
v -0.397648 -1.343444 0.153027
v -0.246222 -1.389639 0.078474
v -0.133547 -1.378975 -0.054989
v -0.089814 -1.314309 -0.211603
v -0.126741 -1.212968 -0.349401
v -0.234435 -1.102107 -0.431462
v -0.384038 -1.011430 -0.435796
v -0.535464 -0.965235 -0.361243
v -0.648139 -0.975899 -0.227780
v -0.493600 -0.721880 0.136749
v -0.461695 -0.830006 0.270588
v -0.358121 -0.946773 0.349709
v -0.210631 -1.040892 0.352912
v -0.058745 -1.087144 0.279338
v 0.056841 -1.073137 0.148702
v 0.105154 -1.002624 -0.003993
v 0.073250 -0.894497 -0.137832
v -0.030324 -0.777731 -0.216953
v -0.177814 -0.683612 -0.220155
v -0.329701 -0.637359 -0.146582
v -0.445286 -0.651366 -0.015946
v -0.284390 -0.402637 0.339285
v -0.252724 -0.509732 0.474007
v -0.150401 -0.627624 0.553085
v -0.004840 -0.724726 0.555331
v 0.144958 -0.775019 0.480143
v 0.258854 -0.765026 0.347667
v 0.306329 -0.697426 0.193400
v 0.274663 -0.590331 0.058678
v 0.172341 -0.472438 -0.020400
v 0.026779 -0.375336 -0.022646
v -0.123018 -0.325044 0.052542
v -0.236914 -0.335036 0.185018
v -0.058905 -0.073499 0.509882
v -0.021876 -0.171745 0.649876
v 0.082591 -0.285941 0.731535
v 0.226502 -0.385487 0.732977
v 0.371298 -0.443710 0.653817
v 0.478179 -0.445010 0.515265
v 0.518509 -0.389038 0.354447
v 0.481479 -0.290791 0.214452
v 0.377012 -0.176595 0.132794
v 0.233101 -0.077049 0.131351
v 0.088306 -0.018826 0.210511
v -0.018576 -0.017526 0.349063
v 0.180628 0.262351 0.645262
v 0.223495 0.173269 0.789653
v 0.330343 0.062958 0.873539
v 0.472542 -0.039027 0.874442
v 0.611989 -0.105357 0.792120
v 0.711320 -0.118259 0.648631
v 0.743919 -0.074277 0.482424
v 0.701051 0.014805 0.338033
v 0.594203 0.125117 0.254147
v 0.452005 0.227101 0.253244
v 0.312558 0.293431 0.335566
v 0.213227 0.306333 0.479054
v 0.428906 0.602113 0.732937
v 0.480652 0.525865 0.881701
v 0.592007 0.422108 0.968053
v 0.733132 0.318643 0.968854
v 0.866214 0.243193 0.883892
v 0.955592 0.215976 0.735930
v 0.977319 0.244283 0.564615
v 0.925573 0.320530 0.415852
v 0.814218 0.424287 0.329500
v 0.673093 0.527752 0.328698
v 0.540011 0.603202 0.413661
v 0.450632 0.630420 0.561623
v 0.680860 0.943454 0.760120
v 0.745044 0.884309 0.911792
v 0.863354 0.790121 0.999844
v 1.004091 0.686128 1.000684
v 1.129542 0.600194 0.914086
v 1.206095 0.555346 0.763254
v 1.213236 0.563600 0.588603
v 1.149052 0.622744 0.436931
v 1.030741 0.716932 0.348879
v 0.890005 0.820926 0.348039
v 0.764553 0.906859 0.434637
v 0.688001 0.951708 0.585469
v 0.936032 1.286019 0.726012
v 1.012914 1.244159 0.877534
v 1.138340 1.159659 0.965569
v 1.278700 1.055160 0.966528
v 1.396387 0.958663 0.880155
v 1.459865 0.896025 0.729593
v 1.452126 0.884028 0.555185
v 1.375243 0.925889 0.403663
v 1.249818 1.010389 0.315628
v 1.109457 1.114888 0.314669
v 0.991771 1.211384 0.401042
v 0.928293 1.274023 0.551604
v 1.182516 1.620107 0.635351
v 1.271437 1.594872 0.783938
v 1.404139 1.520411 0.870354
v 1.545065 1.416677 0.871444
v 1.656454 1.311466 0.786915
v 1.708459 1.232967 0.639418
v 1.687145 1.202216 0.468473
v 1.598224 1.227452 0.319886
v 1.465521 1.301912 0.233470
v 1.324595 1.405646 0.232380
v 1.213207 1.510858 0.316909
v 1.161202 1.589356 0.464406
v 1.411120 1.939482 0.493669
v 1.511670 1.930774 0.636623
v 1.651946 1.867039 0.719584
v 1.794361 1.765355 0.720323
v 1.900754 1.652969 0.638641
v 1.942618 1.559993 0.496427
v 1.908735 1.511342 0.331785
v 1.808184 1.520050 0.188831
v 1.667908 1.583785 0.105870
v 1.525494 1.685469 0.105131
v 1.419101 1.797856 0.186812
v 1.377237 1.890831 0.329027
v 1.623739 2.246663 0.300743
v 1.735195 2.253967 0.435452
v 1.882602 2.200664 0.513246
v 2.026463 2.101035 0.513280
v 2.128231 1.981777 0.435546
v 2.160638 1.874843 0.300872
v 2.114999 1.808888 0.145344
v 2.003544 1.801584 0.010635
v 1.856137 1.854887 -0.067159
v 1.712275 1.954516 -0.067193
v 1.610507 2.073774 0.010541
v 1.578101 2.180708 0.145215
v 1.812140 2.539986 0.074884
v 1.931368 2.560010 0.201398
v 2.084770 2.516299 0.273366
v 2.231241 2.420567 0.271505
v 2.331536 2.298465 0.196312
v 2.358780 2.182709 0.067936
v 2.305673 2.104316 -0.079225
v 2.186445 2.084292 -0.205739
v 2.033044 2.128002 -0.277707
v 1.886572 2.223734 -0.275845
v 1.786277 2.345837 -0.200652
v 1.759034 2.461593 -0.072277
v 1.972963 2.823734 -0.167502
v 2.097390 2.853852 -0.048201
v 2.255820 2.819284 0.017579
v 2.405802 2.729291 0.012211
v 2.507148 2.607987 -0.062865
v 2.532702 2.487876 -0.187533
v 2.475618 2.401141 -0.328389
v 2.351190 2.371022 -0.447690
v 2.192760 2.405591 -0.513470
v 2.042779 2.495583 -0.508102
v 1.941433 2.616887 -0.433026
v 1.915879 2.736999 -0.308357
v 2.110023 3.103275 -0.429863
v 2.238874 3.143369 -0.318454
v 2.401659 3.117887 -0.259517
v 2.554761 3.033656 -0.268844
v 2.657156 2.913246 -0.343936
v 2.681407 2.788921 -0.464672
v 2.621016 2.693994 -0.598702
v 2.492165 2.653900 -0.710111
v 2.329380 2.679383 -0.769047
v 2.176278 2.763614 -0.759720
v 2.073884 2.884023 -0.684628
v 2.049632 3.008348 -0.563892
v 2.220342 3.382081 -0.692199
v 2.351234 3.428843 -0.585885
v 2.517199 3.411556 -0.533170
v 2.673767 3.334853 -0.548180
v 2.778985 3.219286 -0.626891
v 2.804660 3.095822 -0.748215
v 2.743913 2.997542 -0.879641
v 2.613021 2.950781 -0.985955
v 2.447056 2.968068 -1.038670
v 2.290489 3.044771 -1.023661
v 2.185271 3.160337 -0.944949
v 2.159596 3.283802 -0.823625
v 2.304521 3.668594 -0.939284
v 2.435740 3.718720 -0.834924
v 2.603911 3.708910 -0.787550
v 2.763973 3.641794 -0.809855
v 2.873037 3.535354 -0.895864
v 2.901880 3.418111 -1.022530
v 2.842774 3.321481 -1.155913
v 2.711555 3.271355 -1.260273
v 2.543384 3.281165 -1.307647
v 2.383322 3.348281 -1.285342
v 2.274258 3.454721 -1.199333
v 2.245414 3.571964 -1.072667
v 2.365066 3.968097 -1.176838
v 2.496356 4.021638 -1.074279
v 2.666156 4.019627 -1.032018
v 2.828968 3.962601 -1.061381
v 2.941168 3.865841 -1.154498
v 2.972691 3.755274 -1.286420
v 2.915090 3.660526 -1.421797
v 2.783801 3.606985 -1.524356
v 2.614001 3.608997 -1.566616
v 2.451188 3.666023 -1.537254
v 2.338988 3.762782 -1.444136
v 2.307466 3.873349 -1.312215
v 2.399662 4.278022 -1.392557
v 2.530541 4.333392 -1.290445
v 2.701347 4.339297 -1.252864
v 2.866313 4.294155 -1.289883
v 2.981237 4.210062 -1.391584
v 3.015324 4.109551 -1.530716
v 2.959440 4.019554 -1.669998
v 2.828561 3.964184 -1.772110
v 2.657755 3.958279 -1.809691
v 2.492789 4.003421 -1.772672
v 2.377866 4.087513 -1.670971
v 2.343779 4.188025 -1.531839
v 2.407209 4.598404 -1.577340
v 2.537483 4.653799 -1.474470
v 2.708676 4.667882 -1.441056
v 2.874918 4.636879 -1.486050
v 2.991664 4.569098 -1.597397
v 3.027632 4.482700 -1.745261
v 2.973185 4.400836 -1.890022
v 2.842911 4.345441 -1.992892
v 2.671718 4.331359 -2.026306
v 2.505476 4.362361 -1.981312
v 2.388730 4.430143 -1.869965
v 2.352762 4.516540 -1.722101
v 2.388435 4.933503 -1.735013
v 2.518129 4.988733 -1.631325
v 2.689056 5.011294 -1.601377
v 2.855417 4.995140 -1.653193
v 2.972636 4.944600 -1.772890
v 3.009304 4.873215 -1.928395
v 2.955596 4.800113 -2.078040
v 2.825903 4.744883 -2.181728
v 2.654976 4.722322 -2.211676
v 2.488615 4.738476 -2.159860
v 2.371395 4.789016 -2.040163
v 2.334727 4.860401 -1.884658
v 2.342102 5.275247 -1.860612
v 2.471235 5.330323 -1.756145
v 2.641176 5.362139 -1.729130
v 2.806389 5.362171 -1.786806
v 2.922606 5.330410 -1.913719
v 2.958687 5.275365 -2.075862
v 2.904963 5.211787 -2.229789
v 2.775830 5.156711 -2.334256
v 2.605889 5.124895 -2.361271
v 2.440676 5.124863 -2.303595
v 2.324459 5.156625 -2.176682
v 2.288378 5.211669 -2.014539
v 2.267390 5.615957 -1.949835
v 2.395977 5.670864 -1.844609
v 2.564032 5.712922 -1.819895
v 2.726524 5.730862 -1.882316
v 2.839914 5.719878 -2.015147
v 2.873819 5.682912 -2.182795
v 2.819155 5.629870 -2.340340
v 2.690568 5.574964 -2.445567
v 2.522513 5.532905 -2.470281
v 2.360021 5.514965 -2.407859
v 2.246631 5.525949 -2.275028
v 2.212725 5.562915 -2.107380
v 2.164127 5.958982 -2.004152
v 2.292238 6.013500 -1.898146
v 2.457593 6.065739 -1.874679
v 2.615886 6.101703 -1.940040
v 2.724701 6.111754 -2.076715
v 2.754883 6.093200 -2.248083
v 2.698343 6.051012 -2.408225
v 2.570232 5.996494 -2.514231
v 2.404877 5.944255 -2.537698
v 2.246584 5.908291 -2.472337
v 2.137769 5.898240 -2.335661
v 2.107587 5.916794 -2.164294
v 2.033516 6.295401 -2.023330
v 2.160975 6.350034 -1.916601
v 2.322664 6.412786 -1.893343
v 2.475258 6.466843 -1.959789
v 2.577869 6.497719 -2.098135
v 2.603003 6.497142 -2.271311
v 2.543925 6.465266 -2.432915
v 2.416466 6.410633 -2.539645
v 2.254777 6.347881 -2.562903
v 2.102183 6.293825 -2.496456
v 1.999572 6.262948 -2.358110
v 1.974438 6.263525 -2.184934
v 1.877476 6.614996 -2.007044
v 2.004016 6.670215 -1.899525
v 2.160838 6.743997 -1.875334
v 2.305921 6.816570 -1.940954
v 2.400390 6.868490 -2.078801
v 2.418933 6.885845 -2.251940
v 2.356581 6.863983 -2.413978
v 2.230041 6.808764 -2.521497
v 2.073219 6.734983 -2.545687
v 1.928136 6.662409 -2.480068
v 1.833666 6.610489 -2.342221
v 1.815123 6.593134 -2.169082
v 1.695348 6.920156 -1.955410
v 1.821016 6.975694 -1.847035
v 1.972177 7.059842 -1.820738
v 2.108328 7.150051 -1.883564
v 2.192987 7.222151 -2.018681
v 2.203470 7.256822 -2.189883
v 2.136969 7.244774 -2.351296
v 2.011301 7.189236 -2.459671
v 1.860140 7.105088 -2.485969
v 1.723989 7.014879 -2.423142
v 1.639330 6.942779 -2.288026
v 1.628847 6.908108 -2.116824
v 1.490508 7.203190 -1.871202
v 1.614959 7.259391 -1.761769
v 1.759539 7.353417 -1.732144
v 1.885509 7.460074 -1.790264
v 1.959114 7.550784 -1.920556
v 1.960633 7.601240 -2.088109
v 1.889658 7.597923 -2.248027
v 1.765207 7.541722 -2.357459
v 1.620627 7.447695 -2.387084
v 1.494658 7.341038 -2.328964
v 1.421052 7.250329 -2.198672
v 1.419534 7.199873 -2.031119
v 1.267661 7.454634 -1.757553
v 1.390456 7.511773 -1.646745
v 1.527271 7.615345 -1.612440
v 1.641444 7.737596 -1.663831
v 1.702385 7.845771 -1.787145
v 1.693763 7.910883 -1.949343
v 1.617889 7.915486 -2.106963
v 1.495093 7.858346 -2.217770
v 1.358279 7.754775 -2.252075
v 1.244105 7.632523 -2.200685
v 1.183165 7.524349 -2.077370
v 1.191787 7.459237 -1.915172
v 1.025835 7.676184 -1.613900
v 1.147042 7.733890 -1.501646
v 1.275535 7.845744 -1.461641
v 1.376883 7.981775 -1.504605
v 1.423932 8.105535 -1.619026
v 1.404074 8.183861 -1.774244
v 1.322630 8.195766 -1.928669
v 1.201423 8.138061 -2.040923
v 1.072931 8.026207 -2.080928
v 0.971582 7.890175 -2.037964
v 0.924533 7.766416 -1.923543
v 0.944392 7.688090 -1.768325
v 0.769889 7.862545 -1.445113
v 0.889156 7.920813 -1.331086
v 1.008722 8.039729 -1.284340
v 1.096548 8.187430 -1.317402
v 1.129102 8.324339 -1.421412
v 1.097661 8.413772 -1.568501
v 1.010650 8.431765 -1.719257
v 0.891383 8.373497 -1.833285
v 0.771817 8.254581 -1.880030
v 0.683991 8.106881 -1.846968
v 0.651437 7.969971 -1.742958
v 0.682878 7.880539 -1.595869
v 0.506485 8.007013 -1.257083
v 0.623380 8.065752 -1.140863
v 0.733126 8.190594 -1.086160
v 0.806316 8.348087 -1.107633
v 0.823339 8.496032 -1.199527
v 0.779633 8.594786 -1.337220
v 0.686910 8.617889 -1.483817
v 0.570015 8.559150 -1.600038
v 0.460269 8.434308 -1.654741
v 0.387079 8.276815 -1.633268
v 0.370056 8.128870 -1.541374
v 0.413762 8.030116 -1.403680
v 0.234449 8.110645 -1.048829
v 0.349122 8.169388 -0.930417
v 0.448896 8.298460 -0.867112
v 0.507036 8.463278 -0.875878
v 0.507963 8.619678 -0.954364
v 0.451430 8.725754 -1.081541
v 0.352584 8.753081 -1.223332
v 0.237910 8.694338 -1.341744
v 0.138137 8.565266 -1.405048
v 0.079997 8.400448 -1.396283
v 0.079069 8.244047 -1.317797
v 0.135603 8.137972 -1.190619
v -0.040663 8.170883 -0.826776
v 0.071469 8.229331 -0.705812
v 0.161035 8.360970 -0.633210
v 0.204037 8.530528 -0.628425
v 0.188952 8.692572 -0.692738
v 0.119822 8.803683 -0.808917
v 0.015170 8.834087 -0.945832
v -0.096962 8.775639 -1.066796
v -0.186528 8.644000 -1.139397
v -0.229529 8.474442 -1.144183
v -0.214444 8.312398 -1.079870
v -0.145314 8.201287 -0.963691
v -0.311394 8.184678 -0.598750
v -0.202192 8.242395 -0.474792
v -0.123368 8.374874 -0.391979
v -0.096042 8.546618 -0.372501
v -0.127536 8.711607 -0.421578
v -0.209412 8.825634 -0.526059
v -0.319731 8.858144 -0.657949
v -0.428932 8.800427 -0.781907
v -0.507757 8.667948 -0.864720
v -0.535083 8.496204 -0.884198
v -0.503588 8.331215 -0.835121
v -0.421713 8.217188 -0.730640
v -0.579150 8.152484 -0.363359
v -0.472598 8.208943 -0.236548
v -0.404184 8.340346 -0.143409
v -0.392240 8.511484 -0.108900
v -0.439966 8.676502 -0.142267
v -0.534574 8.791183 -0.234570
v -0.650714 8.824798 -0.361075
v -0.757266 8.768339 -0.487886
v -0.825680 8.636936 -0.581025
v -0.837624 8.465798 -0.615534
v -0.789898 8.300780 -0.582167
v -0.695290 8.186099 -0.489864
v -0.838379 8.075035 -0.127864
v -0.734663 8.129644 0.002070
v -0.676428 8.258048 0.105720
v -0.679278 8.425841 0.155311
v -0.742449 8.588063 0.137557
v -0.849015 8.701248 0.057215
v -0.970422 8.735067 -0.064189
v -1.074138 8.680458 -0.194123
v -1.132373 8.552055 -0.297772
v -1.129523 8.384261 -0.347364
v -1.066352 8.222039 -0.329610
v -0.959786 8.108854 -0.249267
v -1.081725 7.953525 0.098950
v -0.981077 8.005503 0.232330
v -0.933063 8.128759 0.346892
v -0.950550 8.290268 0.411941
v -1.028851 8.446752 0.410046
v -1.146986 8.556282 0.341714
v -1.273301 8.589510 0.225257
v -1.373950 8.537532 0.091877
v -1.421964 8.414276 -0.022686
v -1.404477 8.252768 -0.087734
v -1.326176 8.096283 -0.085839
v -1.208040 7.986753 -0.017508
v -1.310627 7.787612 0.318696
v -1.212601 7.836453 0.455179
v -1.173972 7.952707 0.580138
v -1.205089 8.105224 0.660091
v -1.297615 8.253136 0.673614
v -1.426758 8.356811 0.617084
v -1.557914 8.388469 0.505648
v -1.655940 8.339628 0.369165
v -1.694569 8.223374 0.244206
v -1.663452 8.070857 0.164254
v -1.570925 7.922945 0.150730
v -1.441782 7.819270 0.207260
v -1.520641 7.581487 0.524168
v -1.425262 7.626335 0.663859
v -1.395315 7.733643 0.798804
v -1.438825 7.874658 0.892845
v -1.544132 8.011595 0.920784
v -1.683021 8.107762 0.875134
v -1.818275 8.137391 0.768127
v -1.913654 8.092543 0.628437
v -1.943601 7.985235 0.493491
v -1.900091 7.844220 0.399450
v -1.794784 7.707283 0.371512
v -1.655895 7.611116 0.417162
v -1.705785 7.340721 0.706779
v -1.613073 7.380459 0.849773
v -1.591312 7.476486 0.994436
v -1.646332 7.603072 1.102004
v -1.763390 7.726297 1.143656
v -1.911121 7.813144 1.108230
v -2.049941 7.840343 1.005219
v -2.142653 7.800604 0.862224
v -2.164415 7.704577 0.717562
v -2.109395 7.577992 0.609993
v -1.992337 7.454767 0.568342
v -1.844605 7.367919 0.603768
v -1.867252 7.064112 0.868086
v -1.776586 7.098371 1.013785
v -1.761723 7.181650 1.166970
v -1.826645 7.291636 1.286596
v -1.953957 7.398857 1.340608
v -2.109545 7.474584 1.314535
v -2.251719 7.498526 1.215363
v -2.342385 7.464268 1.069664
v -2.357248 7.380989 0.916479
v -2.292326 7.271003 0.796854
v -2.165015 7.163782 0.742841
v -2.009427 7.088055 0.768914
v -2.002676 6.758899 1.002125
v -1.913820 6.786637 1.150305
v -1.904698 6.855526 1.310907
v -1.977754 6.947107 1.440899
v -2.113412 7.036840 1.505449
v -2.275324 7.100683 1.487261
v -2.420104 7.121527 1.391209
v -2.508960 7.093789 1.243029
v -2.518083 7.024900 1.082426
v -2.445027 6.933320 0.952435
v -2.309368 6.843586 0.887885
v -2.147457 6.779744 0.906072
v -2.108532 6.434570 1.101907
v -2.021186 6.454447 1.252232
v -2.016758 6.506793 1.419152
v -2.096435 6.577583 1.557941
v -2.238867 6.647848 1.631410
v -2.405891 6.698761 1.619875
v -2.552751 6.716680 1.526424
v -2.640097 6.696803 1.376099
v -2.644525 6.644457 1.209180
v -2.564848 6.573667 1.070391
v -2.422416 6.503402 0.996921
v -2.255393 6.452489 1.008457
v -2.185492 6.089289 1.168567
v -2.098890 6.101235 1.320157
v -2.097590 6.136311 1.491592
v -2.181939 6.185117 1.636937
v -2.329337 6.234576 1.717246
v -2.500289 6.271436 1.711002
v -2.648987 6.285819 1.619876
v -2.735589 6.273873 1.468286
v -2.736890 6.238797 1.296851
v -2.652540 6.189991 1.151506
v -2.505142 6.140532 1.071197
v -2.334191 6.103672 1.077441
v -2.234151 5.731799 1.198746
v -2.147747 5.734850 1.350887
v -2.148102 5.751788 1.525057
v -2.235121 5.778074 1.674585
v -2.385487 5.806665 1.759407
v -2.558909 5.829900 1.756794
v -2.708920 5.841553 1.667446
v -2.795323 5.838502 1.515304
v -2.794968 5.821565 1.341135
v -2.707949 5.795278 1.191606
v -2.557584 5.766687 1.106785
v -2.384161 5.743452 1.109398
v -2.254418 5.373967 1.188623
v -2.167555 5.366875 1.340368
v -2.168130 5.364282 1.515339
v -2.255989 5.366883 1.666653
v -2.407591 5.373981 1.753766
v -2.582313 5.383674 1.753335
v -2.733339 5.393365 1.665477
v -2.820202 5.400457 1.513732
v -2.819627 5.403050 1.338761
v -2.731768 5.400449 1.187446
v -2.580166 5.393351 1.100334
v -2.405444 5.383658 1.100764
v -2.246305 5.014042 1.138609
v -2.158194 4.997230 1.288862
v -2.157455 4.975406 1.462486
v -2.244285 4.954418 1.612958
v -2.395419 4.939888 1.699960
v -2.570361 4.935712 1.700180
v -2.722234 4.943006 1.613559
v -2.810345 4.959818 1.463306
v -2.811084 4.981642 1.289683
v -2.724254 5.002630 1.139210
v -2.573120 5.017159 1.052208
v -2.398178 5.021336 1.051988
v -2.213023 4.659455 1.049041
v -2.122946 4.632705 1.196664
v -2.119512 4.592254 1.366881
v -2.203640 4.548942 1.514083
v -2.352789 4.514374 1.598827
v -2.526995 4.497812 1.598406
v -2.679578 4.503694 1.512933
v -2.769655 4.530444 1.365310
v -2.773089 4.570894 1.195092
v -2.688961 4.614207 1.047890
v -2.539812 4.648775 0.963146
v -2.365606 4.665337 0.963567
v -2.157789 4.321748 0.920643
v -2.064948 4.284605 1.064250
v -2.057480 4.225633 1.228836
v -2.137386 4.160635 1.370301
v -2.283255 4.107026 1.450739
v -2.456002 4.079172 1.448597
v -2.609339 4.084535 1.364450
v -2.702181 4.121679 1.220843
v -2.709649 4.180651 1.056257
v -2.629743 4.245649 0.914792
v -2.483874 4.299257 0.834354
v -2.311127 4.327112 0.836496
v -2.080320 4.000440 0.753344
v -1.984125 3.953846 0.891900
v -1.971513 3.877612 1.048907
v -2.045864 3.792165 1.182297
v -2.187254 3.720399 1.256326
v -2.357800 3.681545 1.251160
v -2.511802 3.686013 1.168183
v -2.607997 3.732607 1.029627
v -2.620608 3.808841 0.872619
v -2.546258 3.894288 0.739230
v -2.404867 3.966054 0.665200
v -2.234322 4.004908 0.670366
v -1.983412 3.697427 0.551361
v -1.883627 3.642913 0.684376
v -1.865377 3.552086 0.832833
v -1.933554 3.449284 0.956953
v -2.069888 3.362051 1.023477
v -2.237849 3.313762 1.014581
v -2.392433 3.317357 0.932648
v -2.492218 3.371871 0.799633
v -2.510468 3.462698 0.651176
v -2.442292 3.565501 0.527056
v -2.305957 3.652733 0.460532
v -2.137996 3.701022 0.469428
v -1.870946 3.419598 0.320611
v -1.767355 3.358315 0.447636
v -1.743057 3.254934 0.586718
v -1.804564 3.137156 0.700592
v -1.935394 3.036538 0.758744
v -2.100492 2.980043 0.745593
v -2.255619 2.982807 0.664662
v -2.359211 3.044090 0.537638
v -2.383508 3.147471 0.398555
v -2.322002 3.265250 0.284682
v -2.191172 3.365867 0.226530
v -2.026074 3.422362 0.239681
v -1.743333 3.168675 0.061775
v -1.635678 3.101580 0.182319
v -1.604781 2.987079 0.310992
v -1.658920 2.855852 0.413318
v -1.783589 2.743062 0.461877
v -1.945383 2.678930 0.443659
v -2.100949 2.680641 0.363546
v -2.208603 2.747736 0.243002
v -2.239501 2.862237 0.114329
v -2.185362 2.993464 0.012003
v -2.060693 3.106254 -0.036557
v -1.898899 3.170386 -0.018339
v -1.597166 2.936389 -0.218519
v -1.486882 2.866878 -0.101781
v -1.450821 2.745608 0.019113
v -1.498645 2.605074 0.111769
v -1.617539 2.482932 0.151360
v -1.775646 2.411910 0.127278
v -1.930602 2.411037 0.045976
v -2.040885 2.480549 -0.070762
v -2.076946 2.601818 -0.191655
v -2.029123 2.742352 -0.284311
v -1.910228 2.864494 -0.323903
v -1.752121 2.935517 -0.299821
v -1.431714 2.720361 -0.509521
v -1.320414 2.651044 -0.393636
v -1.280785 2.526337 -0.277447
v -1.323447 2.379654 -0.192089
v -1.436969 2.250299 -0.160431
v -1.590932 2.172933 -0.190958
v -1.744082 2.168285 -0.275488
v -1.855383 2.237602 -0.391373
v -1.895011 2.362309 -0.507562
v -1.852349 2.508992 -0.592920
v -1.738828 2.638347 -0.624578
v -1.584865 2.715713 -0.594051
v -1.249405 2.524606 -0.807577
v -1.137113 2.455607 -0.692461
v -1.093704 2.327895 -0.580983
v -1.130807 2.175690 -0.503014
v -1.238483 2.039776 -0.479446
v -1.387878 1.956571 -0.516593
v -1.538963 1.948369 -0.604502
v -1.651255 2.017368 -0.719618
v -1.694664 2.145080 -0.831096
v -1.657561 2.297284 -0.909065
v -1.549885 2.433198 -0.932633
v -1.400490 2.516404 -0.895486
v -1.041191 2.333835 -1.105006
v -0.931416 2.268388 -0.985473
v -0.887872 2.141557 -0.873046
v -0.922227 1.987325 -0.797851
v -1.025275 1.847019 -0.780036
v -1.169405 1.758234 -0.824374
v -1.315997 1.744760 -0.918985
v -1.425772 1.810207 -1.038518
v -1.469316 1.937039 -1.150944
v -1.434961 2.091271 -1.226139
v -1.331913 2.231576 -1.243955
v -1.187783 2.320361 -1.199617
v -0.802241 2.138083 -1.386985
v -0.699264 2.079310 -1.258286
v -0.659983 1.956908 -1.139556
v -0.694923 1.803675 -1.062609
v -0.794722 1.660670 -1.048062
v -0.932640 1.566210 -1.099814
v -1.071720 1.545607 -1.203997
v -1.174697 1.604380 -1.332696
v -1.213979 1.726782 -1.451426
v -1.179038 1.880015 -1.528373
v -1.079239 2.023020 -1.542920
v -0.941322 2.117480 -1.491168
v -0.537360 1.941977 -1.646803
v -0.442021 1.889906 -1.509613
v -0.407593 1.771980 -1.384994
v -0.443301 1.619796 -1.306337
v -0.539577 1.474132 -1.294718
v -0.670624 1.374019 -1.353250
v -0.801328 1.346282 -1.466250
v -0.896667 1.398353 -1.603440
v -0.931095 1.516280 -1.728060
v -0.895388 1.668464 -1.806717
v -0.799112 1.814127 -1.818336
v -0.668064 1.914240 -1.759804
v -0.244223 1.737715 -1.874937
v -0.160345 1.694549 -1.727550
v -0.134785 1.583604 -1.594659
v -0.174392 1.434608 -1.511873
v -0.268553 1.287484 -1.501375
v -0.392039 1.181654 -1.565976
v -0.511760 1.145475 -1.688369
v -0.595639 1.188641 -1.835756
v -0.621199 1.299586 -1.968647
v -0.581592 1.448582 -2.051433
v -0.487430 1.595706 -2.061931
v -0.363945 1.701536 -1.997329
v 0.075859 1.520368 -2.056819
v 0.143542 1.488971 -1.898530
v 0.155284 1.388098 -1.756021
v 0.107939 1.244779 -1.667476
v 0.014194 1.097416 -1.656622
v -0.100833 0.985494 -1.726366
v -0.206321 0.939003 -1.858020
v -0.274003 0.970400 -2.016309
v -0.285746 1.071272 -2.158818
v -0.238401 1.214591 -2.247363
v -0.144656 1.361955 -2.258217
v -0.029628 1.473877 -2.188473
v 0.418110 1.293263 -2.188152
v 0.468433 1.274142 -2.021647
v 0.465301 1.183815 -1.871802
v 0.409554 1.046486 -1.778770
v 0.316129 0.898952 -1.767477
v 0.210060 0.780744 -1.840950
v 0.119767 0.723537 -1.979501
v 0.069445 0.742658 -2.146006
v 0.072577 0.832984 -2.295851
v 0.128324 0.970313 -2.388883
v 0.221748 1.117847 -2.400176
v 0.327817 1.236055 -2.326703
v 0.773961 1.059344 -2.263211
v 0.805357 1.053382 -2.091163
v 0.785535 0.974672 -1.936134
v 0.719805 0.844306 -1.839665
v 0.625780 0.697214 -1.827605
v 0.528655 0.572811 -1.903185
v 0.454453 0.504429 -2.046153
v 0.423057 0.510391 -2.218202
v 0.442879 0.589101 -2.373230
v 0.508609 0.719467 -2.469699
v 0.602634 0.866559 -2.481759
v 0.699759 0.990962 -2.406180
v 1.133641 0.822364 -2.274975
v 1.143900 0.830977 -2.100497
v 1.104953 0.765452 -1.942979
v 1.027238 0.643347 -1.844629
v 0.931576 0.497381 -1.831799
v 0.843602 0.366663 -1.907927
v 0.786887 0.286221 -2.052615
v 0.776628 0.277608 -2.227093
v 0.815574 0.343133 -2.384610
v 0.893290 0.465238 -2.482960
v 0.988951 0.611204 -2.495790
v 1.076926 0.741922 -2.419662
v 1.494409 0.584081 -2.222511
v 1.483476 0.607336 -2.049417
v 1.425285 0.555104 -1.892868
v 1.335429 0.441382 -1.794811
v 1.237984 0.296641 -1.781520
v 1.159062 0.159664 -1.856558
v 1.119809 0.067155 -1.999817
v 1.130742 0.043900 -2.172911
v 1.188933 0.096131 -2.329460
v 1.278789 0.209853 -2.427517
v 1.376234 0.354594 -2.440808
v 1.455156 0.491571 -2.365770
v 1.845326 0.348996 -2.110428
v 1.815045 0.385898 -1.942073
v 1.738834 0.346356 -1.789592
v 1.637112 0.240966 -1.693843
v 1.537137 0.097968 -1.680482
v 1.465697 -0.044323 -1.753088
v 1.441934 -0.147779 -1.892207
v 1.472215 -0.184680 -2.060562
v 1.548426 -0.145138 -2.213042
v 1.650147 -0.039749 -2.308791
v 1.750122 0.103249 -2.322153
v 1.821563 0.245540 -2.249546
v 2.175640 0.121499 -1.942825
v 2.127244 0.171567 -1.782286
v 2.033690 0.144585 -1.636884
v 1.920046 0.047782 -1.545580
v 1.816763 -0.092903 -1.532840
v 1.751515 -0.239774 -1.602076
v 1.741786 -0.353476 -1.734738
v 1.790182 -0.403545 -1.895277
v 1.883735 -0.376563 -2.040679
v 1.997379 -0.279760 -2.131982
v 2.100663 -0.139075 -2.144723
v 2.165911 0.007796 -2.075486
v 2.483789 -0.097387 -1.719941
v 2.418514 -0.034645 -1.570193
v 2.308717 -0.049483 -1.434743
v 2.183820 -0.137924 -1.349885
v 2.077287 -0.276271 -1.338358
v 2.017664 -0.427453 -1.403249
v 2.020927 -0.550963 -1.527172
v 2.086202 -0.613705 -1.676920
v 2.195999 -0.598867 -1.812370
v 2.320896 -0.510426 -1.897228
v 2.427429 -0.372079 -1.908755
v 2.487052 -0.220897 -1.843864
v 2.766118 -0.310238 -1.455239
v 2.688763 -0.237568 -1.316109
v 2.566488 -0.242295 -1.191015
v 2.432057 -0.323152 -1.113476
v 2.321489 -0.458474 -1.104269
v 2.264412 -0.612001 -1.165861
v 2.276120 -0.742597 -1.281748
v 2.353475 -0.815267 -1.420878
v 2.475750 -0.810540 -1.545972
v 2.610181 -0.729683 -1.623511
v 2.720749 -0.594361 -1.632718
v 2.777826 -0.440834 -1.571126
v 3.019425 -0.519923 -1.161615
v 2.933810 -0.439462 -1.031931
v 2.802038 -0.435560 -0.916853
v 2.659417 -0.509262 -0.847217
v 2.544162 -0.640820 -0.841681
v 2.487156 -0.794984 -0.901730
v 2.503673 -0.930445 -1.011272
v 2.589288 -1.010907 -1.140956
v 2.721060 -1.014809 -1.256034
v 2.863681 -0.941107 -1.325670
v 2.978936 -0.809548 -1.331206
v 3.035943 -0.655384 -1.271157
v 3.243158 -0.726085 -0.839535
v 3.150335 -0.638007 -0.720169
v 3.010170 -0.625616 -0.616139
v 2.860218 -0.692233 -0.555322
v 2.740661 -0.820007 -0.554011
v 2.683532 -0.974702 -0.612559
v 2.704140 -1.114867 -0.715278
v 2.796963 -1.202944 -0.834644
v 2.937128 -1.215335 -0.938673
v 3.087080 -1.148718 -0.999491
v 3.206637 -1.020944 -1.000801
v 3.263766 -0.866250 -0.942253
v 3.441059 -0.938149 -0.503838
v 3.345313 -0.845678 -0.390243
v 3.200261 -0.827158 -0.294123
v 3.044771 -0.887551 -0.241233
v 2.920505 -1.010676 -0.245745
v 2.860761 -1.163540 -0.306450
v 2.881546 -1.305185 -0.407082
v 2.977293 -1.397656 -0.520677
v 3.122344 -1.416176 -0.616797
v 3.277835 -1.355782 -0.669687
v 3.402101 -1.232658 -0.665175
v 3.461845 -1.079793 -0.604470
v 3.617272 -1.165915 -0.168941
v 3.521837 -1.072278 -0.056041
v 3.374569 -1.049877 0.035786
v 3.214929 -1.104714 0.081938
v 3.085692 -1.222095 0.070046
v 3.021487 -1.370569 0.003297
v 3.039518 -1.510351 -0.100422
v 3.134953 -1.603988 -0.213322
v 3.282221 -1.626389 -0.305149
v 3.441861 -1.571552 -0.351300
v 3.571098 -1.454171 -0.339409
v 3.635303 -1.305697 -0.272660
v 3.771982 -1.409761 0.164832
v 3.676952 -1.314985 0.277120
v 3.527789 -1.288505 0.364706
v 3.364462 -1.337419 0.404120
v 3.230732 -1.448618 0.384803
v 3.162435 -1.592308 0.311929
v 3.177868 -1.729987 0.205025
v 3.272898 -1.824764 0.092737
v 3.422061 -1.851243 0.005151
v 3.585389 -1.802330 -0.034263
v 3.719118 -1.691130 -0.014946
v 3.787416 -1.547440 0.057928
v 3.905703 -1.675788 0.488968
v 3.812323 -1.582115 0.603544
v 3.662316 -1.552743 0.688732
v 3.495873 -1.595543 0.721705
v 3.357595 -1.699045 0.693628
v 3.284532 -1.835517 0.612024
v 3.296261 -1.968391 0.498759
v 3.389640 -2.062064 0.384183
v 3.539648 -2.091436 0.298995
v 3.706090 -2.048636 0.266022
v 3.844369 -1.945134 0.294099
v 3.917432 -1.808662 0.375703
v 4.018454 -1.969831 0.793761
v 3.927607 -1.880069 0.913392
v 3.777554 -1.849231 0.997981
v 3.608504 -1.885581 1.024864
v 3.465752 -1.979378 0.986837
v 3.387550 -2.105490 0.894089
v 3.394850 -2.230124 0.771472
v 3.485698 -2.319886 0.651841
v 3.635750 -2.350724 0.567252
v 3.804800 -2.314374 0.540369
v 3.947552 -2.220577 0.578396
v 4.025755 -2.094466 0.671144
v 4.109685 -2.291135 1.077335
v 4.021091 -2.205868 1.201844
v 3.871095 -2.173566 1.285984
v 3.699888 -2.202885 1.307212
v 3.553345 -2.285969 1.259837
v 3.470733 -2.400556 1.156556
v 3.474187 -2.515942 1.025041
v 3.562781 -2.601209 0.900532
v 3.712777 -2.633511 0.816391
v 3.883984 -2.604192 0.795164
v 4.030527 -2.521108 0.842538
v 4.113139 -2.406521 0.945820
v 4.175965 -2.638482 1.335651
v 4.089327 -2.558428 1.464908
v 3.939398 -2.524303 1.548447
v 3.766352 -2.545251 1.563886
v 3.616557 -2.615659 1.507086
v 3.530150 -2.716660 1.393268
v 3.530283 -2.821192 1.252929
v 3.616922 -2.901246 1.123673
v 3.766851 -2.935370 1.040133
v 3.939896 -2.914422 1.024695
v 4.089692 -2.844015 1.081494
v 4.176099 -2.743014 1.195312
v 4.213145 -3.009704 1.563240
v 4.128082 -2.935774 1.697108
v 3.978290 -2.899402 1.779941
v 3.803904 -2.910331 1.789542
v 3.651652 -2.965635 1.723339
v 3.562329 -3.050495 1.599072
v 3.559870 -3.142171 1.450037
v 3.644933 -3.216101 1.316168
v 3.794726 -3.252473 1.233336
v 3.969111 -3.241543 1.223735
v 4.121363 -3.186240 1.289938
v 4.210686 -3.101380 1.414205
v 4.220509 -3.402256 1.757904
v 4.136509 -3.335041 1.895919
v 3.987016 -3.296443 1.978285
v 3.812087 -3.296804 1.982931
v 3.658593 -3.336028 1.908612
v 3.567664 -3.403604 1.775243
v 3.563663 -3.481425 1.618559
v 3.647663 -3.548640 1.480544
v 3.797156 -3.587237 1.398179
v 3.972085 -3.586876 1.393533
v 4.125579 -3.547653 1.467851
v 4.216508 -3.480077 1.601220
v 4.196138 -3.809182 1.917598
v 4.112709 -3.748342 2.058878
v 3.963720 -3.706713 2.140678
v 3.789091 -3.695450 2.141079
v 3.635616 -3.717570 2.059974
v 3.544417 -3.767147 1.919095
v 3.539931 -3.830896 1.756191
v 3.623360 -3.891736 1.614911
v 3.772349 -3.933365 1.533111
v 3.946977 -3.944629 1.532710
v 4.100453 -3.922508 1.613814
v 4.191652 -3.872931 1.754693
v 4.137807 -4.223562 2.040196
v 4.054506 -4.168842 2.184032
v 3.906367 -4.123282 2.265280
v 3.733084 -4.099090 2.262169
v 3.581087 -4.102748 2.175534
v 3.491105 -4.133276 2.028588
v 3.487247 -4.182494 1.860705
v 3.570548 -4.237214 1.716869
v 3.718687 -4.282774 1.635621
v 3.891970 -4.306966 1.638732
v 4.043966 -4.303308 1.725367
v 4.133949 -4.272780 1.872313
v 4.045466 -4.643136 2.124853
v 3.961747 -4.594849 2.270735
v 3.814742 -4.545478 2.351817
v 3.643843 -4.508253 2.346374
v 3.494840 -4.493149 2.255863
v 3.407660 -4.504211 2.104539
v 3.405661 -4.538477 1.932946
v 3.489381 -4.586764 1.787065
v 3.636385 -4.636135 1.705983
v 3.807284 -4.673360 1.711426
v 3.956287 -4.688464 1.801936
v 4.043467 -4.677402 1.953261
v 3.920960 -5.058994 2.171997
v 3.836516 -5.016522 2.319264
v 3.691039 -4.963060 2.400506
v 3.523509 -4.912932 2.393954
v 3.378816 -4.879570 2.301364
v 3.295729 -4.871914 2.147546
v 3.296513 -4.892014 1.973715
v 3.380957 -4.934485 1.826448
v 3.526434 -4.987948 1.745206
v 3.693964 -5.038076 1.751758
v 3.838657 -5.071437 1.844348
v 3.921743 -5.079094 1.998166
v 3.765698 -5.463834 2.182492
v 3.680278 -5.426678 2.330630
v 3.536810 -5.368774 2.412398
v 3.373735 -5.305639 2.405885
v 3.234749 -5.254189 2.312838
v 3.157093 -5.228210 2.158188
v 3.161576 -5.234663 1.983373
v 3.246996 -5.271820 1.835235
v 3.390464 -5.329723 1.753467
v 3.553539 -5.392859 1.759979
v 3.692525 -5.444309 1.853027
v 3.770181 -5.470288 2.007677
v 3.579868 -5.856816 2.156356
v 3.493005 -5.825053 2.304909
v 3.351818 -5.763008 2.387605
v 3.194138 -5.687307 2.382286
v 3.062215 -5.618233 2.290378
v 2.991398 -5.574295 2.136506
v 3.000662 -5.567266 1.961902
v 3.087525 -5.599029 1.813349
v 3.228712 -5.661074 1.730653
v 3.386393 -5.736775 1.735972
v 3.518316 -5.805849 1.827880
v 3.589133 -5.849787 1.981751
v 3.368176 -6.230538 2.096669
v 3.279756 -6.203538 2.245245
v 3.141128 -6.137610 2.329255
v 2.989436 -6.050420 2.326187
v 2.865326 -5.965330 2.236864
v 2.802054 -5.905140 2.085220
v 2.816573 -5.885979 1.911888
v 2.904993 -5.912979 1.763312
v 3.043622 -5.978907 1.679302
v 3.195314 -6.066097 1.682370
v 3.319424 -6.151187 1.771693
v 3.382696 -6.211376 1.923337
v 3.134304 -6.580005 2.006552
v 3.044246 -6.557250 2.154855
v 2.908496 -6.487612 2.240555
v 2.763427 -6.389750 2.240687
v 2.647910 -6.289886 2.155217
v 2.592899 -6.214778 2.007046
v 2.613132 -6.184553 1.835877
v 2.703190 -6.207307 1.687574
v 2.838940 -6.276945 1.601874
v 2.984009 -6.374807 1.601741
v 3.099526 -6.474671 1.687211
v 3.154537 -6.549779 1.835382
v 2.878092 -6.905569 1.886082
v 2.786045 -6.886993 2.033745
v 2.653336 -6.814052 2.121438
v 2.515526 -6.706292 2.125665
v 2.409539 -6.592585 2.045292
v 2.363776 -6.503400 1.901856
v 2.390498 -6.462635 1.733791
v 2.482546 -6.481211 1.586128
v 2.615254 -6.554151 1.498435
v 2.753065 -6.661912 1.494208
v 2.859051 -6.775618 1.574581
v 2.904815 -6.864803 1.718016
v 2.605220 -7.202961 1.739892
v 2.511220 -7.188008 1.886734
v 2.381603 -7.112262 1.976646
v 2.251101 -6.996020 1.985537
v 2.154681 -6.870429 1.911024
v 2.118179 -6.769141 1.773074
v 2.151376 -6.719295 1.608649
v 2.245376 -6.734249 1.461808
v 2.374992 -6.809994 1.371896
v 2.505494 -6.926236 1.363005
v 2.601914 -7.051827 1.437517
v 2.638416 -7.153115 1.575468
v 2.319811 -7.470206 1.572030
v 2.223914 -7.458414 1.717930
v 2.097471 -7.380263 1.810270
v 1.974363 -7.256694 1.824308
v 1.887577 -7.120817 1.756284
v 1.860366 -7.009039 1.624423
v 1.900022 -6.951312 1.464057
v 1.995919 -6.963103 1.318158
v 2.122362 -7.041254 1.225818
v 2.245470 -7.164823 1.211779
v 2.332256 -7.300701 1.279804
v 2.359467 -7.412479 1.411665
v 2.021181 -7.708183 1.382216
v 1.923143 -7.699422 1.526901
v 1.799919 -7.619271 1.621842
v 1.684529 -7.489207 1.641600
v 1.607889 -7.344081 1.580881
v 1.590537 -7.222778 1.455954
v 1.637121 -7.157803 1.300294
v 1.735160 -7.166565 1.155609
v 1.858383 -7.246716 1.060668
v 1.973774 -7.376780 1.040910
v 2.050413 -7.521906 1.101629
v 2.067766 -7.643208 1.226556
v 1.714089 -7.915518 1.175238
v 1.614104 -7.909310 1.318718
v 1.494065 -7.827591 1.416363
v 1.386135 -7.692256 1.442008
v 1.319235 -7.539568 1.388782
v 1.311291 -7.410441 1.270947
v 1.364430 -7.339473 1.120077
v 1.464415 -7.345681 0.976597
v 1.584454 -7.427401 0.878953
v 1.692383 -7.562736 0.853307
v 1.759283 -7.715424 0.906533
v 1.767228 -7.844551 1.024368
v 1.401681 -8.092369 0.954968
v 1.299957 -8.088324 1.097298
v 1.183105 -8.005397 1.197750
v 1.082434 -7.865807 1.229407
v 1.024920 -7.706958 1.183787
v 1.025974 -7.571413 1.073113
v 1.085312 -7.495492 0.927042
v 1.187036 -7.499537 0.784712
v 1.303889 -7.582465 0.684260
v 1.404559 -7.722055 0.652603
v 1.462073 -7.880904 0.698223
v 1.461020 -8.016448 0.808897
v 1.083069 -8.239452 0.720876
v 0.979444 -8.237436 0.861872
v 0.865749 -8.153659 0.965201
v 0.772449 -8.010568 1.003175
v 0.724543 -7.846505 0.965621
v 0.734868 -7.705430 0.862600
v 0.800658 -7.625144 0.721717
v 0.904283 -7.627160 0.580722
v 1.017978 -7.710938 0.477393
v 1.111278 -7.854029 0.439418
v 1.159184 -8.018092 0.476973
v 1.148859 -8.159166 0.579994
v 0.761209 -8.356815 0.477014
v 0.656037 -8.356472 0.616874
v 0.545592 -8.272136 0.723228
v 0.459468 -8.126405 0.767581
v 0.420743 -7.958327 0.738048
v 0.439792 -7.812939 0.642541
v 0.511511 -7.729198 0.506653
v 0.616684 -7.729541 0.366794
v 0.727129 -7.813877 0.260439
v 0.813252 -7.959608 0.216086
v 0.851978 -8.127686 0.245619
v 0.832929 -8.273074 0.341126
v 0.437942 -8.445147 0.226700
v 0.331579 -8.446206 0.365652
v 0.224521 -8.361590 0.475201
v 0.145456 -8.213972 0.525992
v 0.115568 -8.042907 0.504417
v 0.142865 -7.894232 0.416256
v 0.220034 -7.807783 0.285132
v 0.326397 -7.806724 0.146179
v 0.433455 -7.891340 0.036631
v 0.512520 -8.038957 -0.014161
v 0.542408 -8.210022 0.007414
v 0.515111 -8.358698 0.095575
v 0.112725 -8.504708 -0.030405
v 0.005054 -8.507073 0.107520
v -0.098680 -8.422516 0.220264
v -0.170682 -8.273693 0.277618
v -0.191659 -8.100481 0.264212
v -0.155990 -7.949293 0.183640
v -0.073232 -7.860639 0.057491
v 0.034439 -7.858273 -0.080434
v 0.138173 -7.942831 -0.193178
v 0.210175 -8.091654 -0.250532
v 0.231152 -8.264866 -0.237126
v 0.195482 -8.416054 -0.156554
v -0.213269 -8.535458 -0.291203
v -0.321769 -8.538954 -0.153953
v -0.421821 -8.454736 -0.037682
v -0.486616 -8.305371 0.026456
v -0.498792 -8.130881 0.021274
v -0.455086 -7.978020 -0.051838
v -0.367211 -7.887747 -0.173290
v -0.258711 -7.884251 -0.310540
v -0.158659 -7.968469 -0.426811
v -0.093864 -8.117834 -0.490949
v -0.081688 -8.292325 -0.485768
v -0.125394 -8.445186 -0.412656
v -0.539098 -8.537379 -0.552686
v -0.647953 -8.541920 -0.415749
v -0.743919 -8.458388 -0.295603
v -0.801280 -8.309164 -0.224442
v -0.804668 -8.134233 -0.221333
v -0.753174 -7.980467 -0.287110
v -0.660596 -7.889069 -0.404147
v -0.551740 -7.884527 -0.541084
v -0.455775 -7.968060 -0.661230
v -0.398413 -8.117284 -0.732390
v -0.395026 -8.292215 -0.735499
v -0.446520 -8.445980 -0.669723
v -0.864485 -8.510449 -0.814533
v -0.973803 -8.515999 -0.678002
v -1.065777 -8.433537 -0.554055
v -1.115763 -8.285160 -0.475903
v -1.110366 -8.110625 -0.464487
v -1.051033 -7.956698 -0.522866
v -0.953663 -7.864624 -0.635398
v -0.844344 -7.859074 -0.771929
v -0.752370 -7.941535 -0.895876
v -0.702385 -8.089912 -0.974028
v -0.707781 -8.264447 -0.985444
v -0.767114 -8.418374 -0.927065
v -1.189158 -8.453783 -1.073991
v -1.298375 -8.460406 -0.937428
v -1.385734 -8.379518 -0.809180
v -1.427826 -8.232792 -0.723611
v -1.413373 -8.059545 -0.703651
v -1.346247 -7.906197 -0.754646
v -1.244436 -7.813838 -0.862934
v -1.135218 -7.807215 -0.999498
v -1.047859 -7.888103 -1.127746
v -1.005767 -8.034828 -1.213314
v -1.020220 -8.208076 -1.233275
v -1.087346 -8.361424 -1.182279
v -1.512186 -8.366382 -1.327630
v -1.620754 -8.374252 -1.190615
v -1.702832 -8.295592 -1.057583
v -1.736427 -8.151478 -0.964178
v -1.712537 -7.980525 -0.935428
v -1.637563 -7.828541 -0.979038
v -1.531596 -7.736249 -1.083321
v -1.423027 -7.728379 -1.220336
v -1.340950 -7.807040 -1.353369
v -1.307355 -7.951154 -1.446774
v -1.331245 -8.122106 -1.475523
v -1.406218 -8.274091 -1.431914
v -1.832363 -8.248412 -1.574327
v -1.940411 -8.257564 -1.436981
v -2.017361 -8.181638 -1.299373
v -2.042596 -8.040980 -1.198375
v -2.009354 -7.873278 -1.161051
v -1.926542 -7.723469 -1.197400
v -1.816349 -7.631693 -1.297683
v -1.708302 -7.622541 -1.435029
v -1.631351 -7.698467 -1.572637
v -1.606116 -7.839125 -1.673635
v -1.639358 -8.006827 -1.710959
v -1.722171 -8.156636 -1.674610
v -2.149032 -8.098709 -1.810804
v -2.255994 -8.109495 -1.672729
v -2.327113 -8.037217 -1.530111
v -2.343330 -7.901242 -1.421163
v -2.300302 -7.738004 -1.375078
v -2.209558 -7.591242 -1.404205
v -2.095412 -7.500281 -1.500739
v -1.988450 -7.489494 -1.638814
v -1.917331 -7.561772 -1.781433
v -1.901113 -7.697748 -1.890381
v -1.944141 -7.860986 -1.936465
v -2.034886 -8.007748 -1.907339
v -2.460424 -7.916225 -2.032692
v -2.565763 -7.929135 -1.893555
v -2.630307 -7.861655 -1.745560
v -2.636762 -7.731867 -1.628362
v -2.583398 -7.574547 -1.573364
v -2.484515 -7.431849 -1.595304
v -2.366607 -7.342009 -1.688301
v -2.261269 -7.329099 -1.827438
v -2.196725 -7.396578 -1.975434
v -2.190270 -7.526367 -2.092632
v -2.243634 -7.683687 -2.147629
v -2.342517 -7.826385 -2.125690
v -2.764702 -7.701764 -2.238385
v -2.868606 -7.716900 -2.098396
v -2.926860 -7.654872 -1.945488
v -2.923855 -7.532299 -1.820632
v -2.860396 -7.382027 -1.757283
v -2.753488 -7.244318 -1.772416
v -2.631775 -7.156074 -1.861975
v -2.527871 -7.140938 -2.001964
v -2.469617 -7.202966 -2.154873
v -2.472622 -7.325538 -2.279729
v -2.536080 -7.475811 -2.343077
v -2.642989 -7.613519 -2.327945
v -3.059990 -7.455134 -2.423846
v -3.162028 -7.473114 -2.282824
v -3.213471 -7.417874 -2.124951
v -3.200535 -7.304214 -1.992527
v -3.126687 -7.162590 -1.921035
v -3.011713 -7.030950 -1.929632
v -2.886421 -6.944566 -2.016015
v -2.784383 -6.926586 -2.157036
v -2.732940 -6.981826 -2.314910
v -2.745876 -7.095486 -2.447334
v -2.819725 -7.237110 -2.518825
v -2.934699 -7.368750 -2.510228
v -3.343272 -7.176559 -2.583933
v -3.443053 -7.198148 -2.441808
v -3.487150 -7.151333 -2.279063
v -3.463746 -7.048658 -2.139306
v -3.379113 -6.917634 -2.059985
v -3.255928 -6.793369 -2.062353
v -3.127198 -6.709160 -2.145776
v -3.027416 -6.687570 -2.287901
v -2.983319 -6.734385 -2.450645
v -3.006723 -6.837061 -2.590403
v -3.091356 -6.968085 -2.669724
v -3.214542 -7.092350 -2.667356
v -3.612421 -6.867759 -2.717016
v -3.710254 -6.893070 -2.574151
v -3.747549 -6.855379 -2.407387
v -3.714313 -6.764787 -2.261405
v -3.619452 -6.645568 -2.175324
v -3.488384 -6.529665 -2.172207
v -3.356228 -6.448135 -2.252890
v -3.258396 -6.422824 -2.395754
v -3.221101 -6.460515 -2.562519
v -3.254337 -6.551107 -2.708500
v -3.349197 -6.670326 -2.794582
v -3.480265 -6.786229 -2.797699
v -3.864177 -6.531370 -2.818845
v -3.959880 -6.561149 -2.675402
v -3.990328 -6.534079 -2.505219
v -3.947362 -6.457412 -2.353898
v -3.842495 -6.351691 -2.261984
v -3.703826 -6.245245 -2.254107
v -3.568511 -6.166595 -2.332376
v -3.472807 -6.136816 -2.475819
v -3.442359 -6.163887 -2.646002
v -3.485325 -6.240554 -2.797323
v -3.590192 -6.346274 -2.889237
v -3.728861 -6.452720 -2.897114
v -4.094527 -6.170403 -2.884405
v -4.187980 -6.205545 -2.740691
v -4.211546 -6.190926 -2.567911
v -4.158911 -6.130464 -2.412361
v -4.044178 -6.040360 -2.315720
v -3.898090 -5.944756 -2.303883
v -3.759790 -5.869270 -2.380022
v -3.666337 -5.834129 -2.523736
v -3.642770 -5.848747 -2.696516
v -3.695406 -5.909209 -2.852066
v -3.810139 -5.999314 -2.948707
v -3.956227 -6.094918 -2.960544
v -4.301535 -5.787439 -2.912582
v -4.393207 -5.827938 -2.769132
v -4.410808 -5.826254 -2.595036
v -4.349621 -5.782839 -2.436943
v -4.226042 -5.709325 -2.337215
v -4.073183 -5.625410 -2.322573
v -3.932003 -5.553579 -2.396940
v -3.840330 -5.513080 -2.540390
v -3.822730 -5.514763 -2.714486
v -3.883916 -5.558179 -2.872579
v -4.007496 -5.631693 -2.972307
v -4.160355 -5.715608 -2.986949
v -4.481520 -5.388665 -2.900459
v -4.571566 -5.435160 -2.757799
v -4.583790 -5.447607 -2.583679
v -4.514917 -5.422673 -2.424756
v -4.383400 -5.367038 -2.323611
v -4.224481 -5.295610 -2.307348
v -4.080740 -5.227527 -2.380323
v -3.990694 -5.181033 -2.522984
v -3.978470 -5.168585 -2.697103
v -4.047343 -5.193519 -2.856027
v -4.178860 -5.249154 -2.957171
v -4.337780 -5.320583 -2.973434
v -4.630439 -4.980272 -2.844577
v -4.719097 -5.033526 -2.703418
v -4.726594 -5.061638 -2.530862
v -4.650920 -5.057075 -2.373145
v -4.512353 -5.021061 -2.272527
v -4.348020 -4.963246 -2.255969
v -4.201955 -4.899120 -2.327907
v -4.113297 -4.845867 -2.469065
v -4.105800 -4.817755 -2.641621
v -4.181474 -4.822317 -2.799338
v -4.320041 -4.858331 -2.899956
v -4.484374 -4.916147 -2.916515
v -4.746859 -4.565520 -2.744716
v -4.834761 -4.625235 -2.605685
v -4.838850 -4.668893 -2.436277
v -4.758031 -4.684796 -2.281883
v -4.613960 -4.668682 -2.183874
v -4.445240 -4.624869 -2.168510
v -4.297080 -4.565098 -2.239910
v -4.209178 -4.505383 -2.378940
v -4.205089 -4.461725 -2.548349
v -4.285908 -4.445822 -2.702743
v -4.429979 -4.461936 -2.800752
v -4.598699 -4.505749 -2.816115
v -4.828391 -4.153813 -2.601096
v -4.916000 -4.220274 -2.464972
v -4.917875 -4.279828 -2.300437
v -4.833514 -4.316519 -2.151578
v -4.685522 -4.320515 -2.058281
v -4.513552 -4.290745 -2.045546
v -4.363684 -4.235186 -2.116784
v -4.276076 -4.168725 -2.252908
v -4.274201 -4.109171 -2.417443
v -4.358561 -4.072480 -2.566302
v -4.506554 -4.068484 -2.659599
v -4.678524 -4.098254 -2.672334
v -4.872514 -3.753863 -2.413300
v -4.960404 -3.827445 -2.281076
v -4.961368 -3.903542 -2.123500
v -4.875148 -3.961765 -1.982793
v -4.724847 -3.986512 -1.896659
v -4.550737 -3.971153 -1.888176
v -4.399472 -3.919803 -1.959619
v -4.311582 -3.846221 -2.091842
v -4.310618 -3.770124 -2.249419
v -4.396838 -3.711901 -2.390125
v -4.547139 -3.687154 -2.476259
v -4.721249 -3.702513 -2.484742
v -4.878658 -3.368988 -2.182209
v -4.967525 -3.448970 -2.054430
v -4.969124 -3.540565 -1.905333
v -4.883026 -3.619230 -1.774869
v -4.732301 -3.663886 -1.697995
v -4.557335 -3.662569 -1.695309
v -4.405010 -3.615631 -1.767532
v -4.316143 -3.535649 -1.895311
v -4.314544 -3.444054 -2.044408
v -4.400642 -3.365389 -2.174872
v -4.551368 -3.320733 -2.251746
v -4.726334 -3.322050 -2.254432
v -4.847325 -3.009266 -1.912464
v -4.937811 -3.095297 -1.789855
v -4.941524 -3.201441 -1.650781
v -4.857469 -3.299259 -1.532508
v -4.708170 -3.362538 -1.466726
v -4.533629 -3.374325 -1.471062
v -4.380617 -3.331460 -1.544353
v -4.290131 -3.245429 -1.666963
v -4.286418 -3.139285 -1.806037
v -4.370472 -3.041467 -1.924310
v -4.519772 -2.978188 -1.990092
v -4.694312 -2.966401 -1.985756
v -4.778766 -2.683423 -1.607569
v -4.871610 -2.775205 -1.491044
v -4.879032 -2.895180 -1.363872
v -4.799044 -3.011203 -1.260129
v -4.653079 -3.092185 -1.207612
v -4.480246 -3.116426 -1.220394
v -4.326858 -3.077431 -1.295050
v -4.234014 -2.985650 -1.411575
v -4.226591 -2.865674 -1.538747
v -4.306579 -2.749651 -1.642490
v -4.452545 -2.668670 -1.695006
v -4.625377 -2.644428 -1.682224
v -4.673347 -2.393862 -1.269215
v -4.769113 -2.490305 -1.158990
v -4.781612 -2.622170 -1.044633
v -4.707495 -2.754123 -0.956787
v -4.566622 -2.850809 -0.918990
v -4.396740 -2.886320 -0.941369
v -4.243367 -2.851142 -1.017929
v -4.147601 -2.754699 -1.128154
v -4.135102 -2.622834 -1.242511
v -4.209219 -2.490880 -1.330357
v -4.350092 -2.394195 -1.368154
v -4.519974 -2.358683 -1.345775
v -4.534210 -2.147858 -0.906667
v -4.633313 -2.247836 -0.802720
v -4.652006 -2.389425 -0.701600
v -4.585281 -2.534685 -0.630403
v -4.451017 -2.644696 -0.608205
v -4.285189 -2.689979 -0.640955
v -4.132231 -2.658401 -0.719877
v -4.033128 -2.558423 -0.823824
v -4.014435 -2.416835 -0.924944
v -4.081160 -2.271574 -0.996142
v -4.215424 -2.161563 -1.018339
v -4.381252 -2.116280 -0.985590
v -4.363649 -1.951168 -0.527249
v -4.466554 -2.053712 -0.429692
v -4.492680 -2.203185 -0.342529
v -4.435029 -2.359535 -0.289117
v -4.309048 -2.480869 -0.283766
v -4.148492 -2.534676 -0.327911
v -3.996383 -2.506537 -0.409723
v -3.893479 -2.403993 -0.507280
v -3.867352 -2.254521 -0.594443
v -3.925003 -2.098170 -0.647855
v -4.050985 -1.976836 -0.653206
v -4.211540 -1.923029 -0.609061
v -4.162446 -1.804822 -0.132634
v -4.269414 -1.908880 -0.041247
v -4.303857 -2.064061 0.031928
v -4.256545 -2.228783 0.067285
v -4.140156 -2.358910 0.055349
v -3.985875 -2.419574 -0.000681
v -3.835043 -2.394520 -0.085792
v -3.728074 -2.290462 -0.177179
v -3.693631 -2.135281 -0.250354
v -3.740943 -1.970559 -0.285711
v -3.857333 -1.840432 -0.273776
v -4.011613 -1.779768 -0.217746
v -3.931023 -1.711151 0.263236
v -4.041259 -1.815181 0.350689
v -4.084159 -1.973589 0.411421
v -4.048228 -2.143931 0.429159
v -3.943095 -2.280564 0.399150
v -3.796929 -2.346876 0.329435
v -3.648895 -2.325100 0.238694
v -3.538660 -2.221070 0.151241
v -3.495760 -2.062662 0.090509
v -3.531690 -1.892320 0.072771
v -3.636824 -1.755688 0.102780
v -3.782990 -1.689375 0.172495
v -3.668506 -1.672426 0.647627
v -3.781064 -1.775458 0.733285
v -3.832838 -1.935107 0.782819
v -3.809955 -2.108596 0.782956
v -3.718548 -2.249438 0.733660
v -3.583108 -2.319895 0.648139
v -3.439927 -2.301089 0.549308
v -3.327370 -2.198057 0.463650
v -3.275596 -2.038408 0.414116
v -3.298478 -1.864919 0.413979
v -3.389885 -1.724077 0.463275
v -3.525325 -1.653619 0.548796
v -3.376354 -1.689379 1.017619
v -3.491109 -1.791081 1.101941
v -3.552382 -1.950255 1.141074
v -3.543757 -2.124249 1.124532
v -3.467544 -2.266442 1.056749
v -3.344165 -2.338734 0.955886
v -3.206678 -2.321754 0.848969
v -3.091924 -2.220052 0.764648
v -3.030650 -2.060879 0.725515
v -3.039275 -1.886885 0.742057
v -3.115488 -1.744691 0.809840
v -3.238868 -1.672399 0.910703
v -3.056886 -1.756653 1.354718
v -3.170917 -1.857264 1.441300
v -3.240036 -2.014759 1.473547
v -3.245723 -2.186938 1.442818
v -3.186454 -2.327665 1.357348
v -3.078109 -2.399232 1.240039
v -2.949721 -2.382464 1.122322
v -2.835690 -2.281853 1.035740
v -2.766571 -2.124358 1.003493
v -2.760884 -1.952180 1.034222
v -2.820153 -1.811453 1.119692
v -2.928498 -1.739885 1.237001
v -2.709651 -1.869020 1.642416
v -2.819360 -1.969748 1.734285
v -2.894683 -2.125134 1.762632
v -2.915435 -2.293545 1.719861
v -2.876056 -2.429853 1.617434
v -2.787099 -2.497536 1.482796
v -2.672398 -2.478458 1.352022
v -2.562688 -2.377731 1.260154
v -2.487366 -2.222345 1.231807
v -2.466614 -2.053934 1.274577
v -2.505992 -1.917626 1.377004
v -2.594950 -1.849942 1.511643
v -2.335874 -2.025929 1.878390
v -2.440493 -2.127536 1.975100
v -2.522118 -2.280207 2.000614
v -2.558878 -2.443033 1.948095
v -2.540923 -2.572386 1.831616
v -2.473064 -2.633606 1.682387
v -2.373484 -2.610288 1.540394
v -2.268865 -2.508681 1.443684
v -2.187239 -2.356011 1.418170
v -2.150479 -2.193184 1.470689
v -2.168434 -2.063831 1.587168
v -2.236293 -2.002611 1.736397
v -1.948472 -2.212785 2.049771
v -2.044627 -2.317397 2.151911
v -2.129519 -2.468341 2.177033
v -2.180401 -2.625173 2.118408
v -2.183638 -2.745869 1.991742
v -2.138364 -2.798088 1.830977
v -2.056710 -2.767839 1.679189
v -1.960554 -2.663227 1.577050
v -1.875663 -2.512282 1.551927
v -1.824781 -2.355451 1.610553
v -1.821544 -2.234755 1.737218
v -1.866818 -2.182536 1.897983
v -1.554183 -2.416734 2.147174
v -1.637792 -2.526964 2.254323
v -1.722819 -2.677662 2.280445
v -1.786481 -2.828450 2.218540
v -1.811720 -2.938923 2.085196
v -1.791774 -2.979481 1.916142
v -1.731986 -2.939256 1.756676
v -1.648377 -2.829026 1.649527
v -1.563350 -2.678327 1.623406
v -1.499688 -2.527540 1.685310
v -1.474448 -2.417066 1.818655
v -1.494395 -2.376509 1.987708
v -1.151989 -2.637524 2.170492
v -1.222457 -2.754085 2.280356
v -1.307314 -2.904694 2.307523
v -1.383823 -3.048997 2.244713
v -1.431484 -3.148327 2.108758
v -1.437526 -3.176070 1.936085
v -1.400330 -3.124791 1.772963
v -1.329862 -3.008230 1.663099
v -1.245005 -2.857620 1.635932
v -1.168496 -2.713318 1.698742
v -1.120835 -2.613987 1.834697
v -1.114793 -2.586245 2.007370
v -0.758802 -2.859218 2.122234
v -0.815152 -2.983077 2.232259
v -0.897694 -3.134832 2.260181
v -0.984310 -3.273818 2.198517
v -1.051791 -3.362796 2.063790
v -1.082057 -3.377923 1.892101
v -1.066997 -3.315146 1.729453
v -1.010647 -3.191287 1.619428
v -0.928106 -3.039533 1.591507
v -0.841490 -2.900546 1.653171
v -0.774008 -2.811569 1.787897
v -0.743742 -2.796441 1.959586
v -0.384175 -3.069388 2.005920
v -0.424916 -3.201585 2.113094
v -0.503029 -3.355718 2.140723
v -0.597583 -3.490487 2.081405
v -0.683243 -3.569782 1.951033
v -0.737057 -3.572354 1.784542
v -0.744605 -3.497516 1.626541
v -0.703864 -3.365319 1.519367
v -0.625751 -3.211186 1.491738
v -0.531196 -3.076416 1.551056
v -0.445536 -2.997122 1.681428
v -0.391722 -2.994549 1.847919
v -0.025615 -3.268957 1.821347
v -0.051226 -3.409156 1.922887
v -0.124907 -3.565649 1.949402
v -0.226917 -3.696503 1.893787
v -0.329921 -3.766658 1.770943
v -0.406320 -3.757314 1.613788
v -0.435643 -3.670976 1.464430
v -0.410032 -3.530777 1.362889
v -0.336351 -3.374284 1.336374
v -0.234341 -3.243429 1.391990
v -0.131337 -3.173275 1.514833
v -0.054938 -3.182619 1.671989
v 0.307791 -3.448760 1.586176
v 0.295075 -3.595591 1.680521
v 0.226209 -3.754613 1.704839
v 0.119645 -3.883216 1.652615
v 0.003938 -3.946942 1.537842
v -0.089910 -3.928715 1.391273
v -0.136751 -3.833418 1.252182
v -0.124035 -3.686587 1.157837
v -0.055168 -3.527565 1.133518
v 0.051395 -3.398962 1.185742
v 0.167102 -3.335236 1.300515
v 0.260950 -3.353463 1.447084
v 0.614766 -3.603999 1.315594
v 0.613365 -3.756332 1.401703
v 0.549755 -3.918003 1.422637
v 0.440979 -4.045692 1.372786
v 0.316184 -4.105186 1.265507
v 0.208808 -4.080543 1.129547
v 0.147624 -3.978366 1.001334
v 0.149025 -3.826034 0.915225
v 0.212636 -3.664363 0.894291
v 0.321412 -3.536673 0.944143
v 0.446207 -3.477179 1.051421
v 0.553582 -3.501822 1.187382
v 0.900254 -3.737300 1.006848
v 0.909431 -3.894378 1.083426
v 0.850807 -4.058388 1.100337
v 0.740091 -4.185383 1.053049
v 0.606949 -4.241336 0.954233
v 0.487057 -4.211253 0.830368
v 0.412538 -4.103196 0.714641
v 0.403361 -3.946117 0.638063
v 0.461985 -3.782107 0.621153
v 0.572701 -3.655112 0.668440
v 0.705843 -3.599159 0.767256
v 0.825736 -3.629242 0.891122
v 1.167858 -3.847199 0.685510
v 1.184452 -4.007088 0.754664
v 1.130655 -4.173137 0.767140
v 1.020884 -4.300854 0.719593
v 0.884552 -4.356018 0.624765
v 0.758187 -4.323846 0.508064
v 0.675651 -4.212960 0.400761
v 0.659058 -4.053072 0.331606
v 0.712854 -3.887023 0.319131
v 0.822625 -3.759305 0.366677
v 0.958957 -3.704142 0.461506
v 1.085322 -3.736313 0.578206
v 1.429138 -3.936635 0.369555
v 1.450701 -4.097902 0.433975
v 1.401847 -4.265753 0.441799
v 1.295667 -4.395214 0.390928
v 1.160611 -4.451594 0.294995
v 1.032867 -4.419787 0.179704
v 0.946665 -4.308316 0.075948
v 0.925102 -4.147049 0.011527
v 0.973956 -3.979198 0.003704
v 1.080136 -3.849737 0.054574
v 1.215192 -3.793357 0.150507
v 1.342936 -3.825164 0.265798
v 1.691079 -4.008891 0.050999
v 1.717649 -4.171257 0.110608
v 1.673799 -4.340637 0.113676
v 1.571278 -4.471647 0.059381
v 1.437557 -4.529181 -0.037730
v 1.308466 -4.497825 -0.151635
v 1.218595 -4.385979 -0.251813
v 1.192025 -4.223613 -0.311423
v 1.235876 -4.054232 -0.314491
v 1.338396 -3.923223 -0.260195
v 1.472117 -3.865688 -0.163085
v 1.601208 -3.897045 -0.049180
v 1.955854 -4.061108 -0.252565
v 1.986635 -4.224003 -0.196531
v 1.948837 -4.394844 -0.199139
v 1.852589 -4.527854 -0.259691
v 1.723679 -4.587393 -0.361962
v 1.596649 -4.557509 -0.478548
v 1.505537 -4.446208 -0.578211
v 1.474756 -4.283313 -0.634245
v 1.512553 -4.112472 -0.631637
v 1.608802 -3.979462 -0.571085
v 1.737711 -3.919922 -0.468814
v 1.864741 -3.949807 -0.352228
v 2.230432 -4.092685 -0.530585
v 2.264691 -4.255622 -0.476735
v 2.234353 -4.427729 -0.485721
v 2.147547 -4.562890 -0.555133
v 2.027532 -4.624889 -0.666374
v 1.906466 -4.597114 -0.789636
v 1.816789 -4.487005 -0.891892
v 1.782529 -4.324068 -0.945741
v 1.812867 -4.151961 -0.936756
v 1.899673 -4.016800 -0.867343
v 2.019688 -3.954801 -0.756103
v 2.140754 -3.982577 -0.632840
v 2.520546 -4.105415 -0.790235
v 2.558397 -4.268190 -0.738335
v 2.536009 -4.441096 -0.753321
v 2.459381 -4.577801 -0.831178
v 2.349045 -4.641677 -0.951045
v 2.234566 -4.615607 -1.080802
v 2.146618 -4.506578 -1.185681
v 2.108767 -4.343802 -1.237581
v 2.131155 -4.170897 -1.222595
v 2.207783 -4.034192 -1.144738
v 2.318119 -3.970316 -1.024872
v 2.432598 -3.996386 -0.895115
v 2.821412 -4.095023 -1.025108
v 2.864013 -4.257405 -0.975720
v 2.851514 -4.430597 -0.997411
v 2.787264 -4.568191 -1.084370
v 2.688478 -4.633319 -1.213295
v 2.581627 -4.608531 -1.349641
v 2.495340 -4.500468 -1.456875
v 2.452739 -4.338086 -1.506263
v 2.465239 -4.164894 -1.484571
v 2.529489 -4.027300 -1.397613
v 2.628274 -3.962172 -1.268688
v 2.735126 -3.986960 -1.132341
v 3.129971 -4.057937 -1.230948
v 3.178655 -4.219470 -1.184482
v 3.178332 -4.392057 -1.213389
v 3.129089 -4.529454 -1.309925
v 3.044119 -4.594845 -1.448222
v 2.946192 -4.570710 -1.591225
v 2.861546 -4.463514 -1.700615
v 2.812862 -4.301982 -1.747081
v 2.813185 -4.129395 -1.718174
v 2.862429 -3.991998 -1.621638
v 2.947398 -3.926606 -1.483341
v 3.045325 -3.950742 -1.340338
v 3.449454 -3.994579 -1.410574
v 3.504326 -4.154791 -1.366494
v 3.516703 -4.325761 -1.401683
v 3.483267 -4.461676 -1.506712
v 3.412978 -4.526119 -1.653438
v 3.324670 -4.501822 -1.802546
v 3.242005 -4.395296 -1.914084
v 3.187132 -4.235084 -1.958163
v 3.174755 -4.064114 -1.922974
v 3.208191 -3.928199 -1.817945
v 3.278480 -3.863756 -1.671219
v 3.366788 -3.888053 -1.522111
v 3.773805 -3.903901 -1.562939
v 3.835919 -4.062101 -1.521267
v 3.862003 -4.230250 -1.562106
v 3.845067 -4.363290 -1.674513
v 3.789651 -4.425575 -1.828369
v 3.710602 -4.400416 -1.982448
v 3.629101 -4.294553 -2.095464
v 3.566988 -4.136352 -2.137136
v 3.540904 -3.968204 -2.096297
v 3.557839 -3.835164 -1.983890
v 3.613256 -3.772878 -1.830034
v 3.692305 -3.798038 -1.675955
v 4.095801 -3.785146 -1.686352
v 4.166357 -3.940376 -1.647011
v 4.207369 -4.104197 -1.692867
v 4.207848 -4.232713 -1.811632
v 4.167665 -4.291490 -1.971484
v 4.097587 -4.264778 -2.129590
v 4.016393 -4.159734 -2.243587
v 3.945837 -4.004505 -2.282928
v 3.904825 -3.840684 -2.237072
v 3.904346 -3.712167 -2.118307
v 3.944529 -3.653390 -1.958455
v 4.014606 -3.680102 -1.800349
v 4.416302 -3.638269 -1.781267
v 4.495161 -3.789851 -1.743502
v 4.551111 -3.948058 -1.793122
v 4.569158 -4.070499 -1.916834
v 4.544468 -4.124366 -2.081487
v 4.483657 -4.095226 -2.242964
v 4.403017 -3.990886 -2.357997
v 4.324158 -3.839304 -2.395762
v 4.268209 -3.681097 -2.346142
v 4.250161 -3.558656 -2.222430
v 4.274851 -3.504789 -2.057777
v 4.335663 -3.533929 -1.896300
v 4.731122 -3.464909 -1.849043
v 4.818338 -3.612088 -1.812250
v 4.888751 -3.763575 -1.864363
v 4.923494 -3.878779 -1.991418
v 4.913258 -3.926831 -2.159371
v 4.860785 -3.894855 -2.323219
v 4.780136 -3.791421 -2.439059
v 4.692920 -3.644242 -2.475852
v 4.622507 -3.492755 -2.423739
v 4.587763 -3.377551 -2.296684
v 4.598000 -3.329499 -2.128731
v 4.650472 -3.361475 -1.964883
v 5.033288 -3.267659 -1.890056
v 5.129045 -3.409531 -1.853651
v 5.213667 -3.553063 -1.907127
v 5.264481 -3.659796 -2.036153
v 5.267870 -3.701132 -2.206159
v 5.222927 -3.665995 -2.371590
v 5.141694 -3.563799 -2.488120
v 5.045937 -3.421928 -2.524524
v 4.961315 -3.278396 -2.471049
v 4.910502 -3.171662 -2.342022
v 4.907112 -3.130326 -2.172017
v 4.952055 -3.165464 -2.006585
v 5.322164 -3.046825 -1.904136
v 5.426010 -3.182790 -1.867368
v 5.524292 -3.317275 -1.921000
v 5.590676 -3.414246 -2.050660
v 5.607374 -3.447720 -2.221607
v 5.569913 -3.408727 -2.388034
v 5.488329 -3.307715 -2.505349
v 5.384483 -3.171751 -2.542117
v 5.286201 -3.037266 -2.488485
v 5.219817 -2.940295 -2.358825
v 5.203119 -2.906821 -2.187879
v 5.240581 -2.945814 -2.021451
v 5.595927 -2.804745 -1.893663
v 5.707237 -2.934375 -1.855875
v 5.817869 -3.059310 -1.908545
v 5.898178 -3.146071 -2.037560
v 5.926646 -3.171413 -2.208351
v 5.895645 -3.128544 -2.375154
v 5.813481 -3.028951 -2.493274
v 5.702171 -2.899321 -2.531062
v 5.591539 -2.774386 -2.478392
v 5.511230 -2.687625 -2.349377
v 5.482762 -2.662283 -2.178587
v 5.513763 -2.705152 -2.011784
v 5.849844 -2.545493 -1.860651
v 5.968140 -2.668274 -1.821246
v 6.090063 -2.783083 -1.871999
v 6.182942 -2.859157 -1.999310
v 6.221891 -2.876111 -2.169068
v 6.196474 -2.829404 -2.335784
v 6.113500 -2.731550 -2.454788
v 5.995204 -2.608770 -2.494193
v 5.873281 -2.493961 -2.443441
v 5.780402 -2.417887 -2.316129
v 5.741453 -2.400932 -2.146372
v 5.766870 -2.447639 -1.979655
v 6.082735 -2.269949 -1.805069
v 6.207388 -2.385496 -1.763446
v 6.339748 -2.489466 -1.811331
v 6.444350 -2.554001 -1.935893
v 6.493165 -2.561809 -2.103757
v 6.473113 -2.510797 -2.269943
v 6.389567 -2.414634 -2.389921
v 6.264914 -2.299088 -2.431545
v 6.132553 -2.195117 -2.383660
v 6.027952 -2.130583 -2.259097
v 5.979137 -2.122775 -2.091234
v 5.999189 -2.173787 -1.925048
v 6.294604 -1.980077 -1.729353
v 6.424737 -2.088363 -1.685063
v 6.566034 -2.181593 -1.729394
v 6.680635 -2.234787 -1.850469
v 6.737832 -2.233690 -2.015845
v 6.722300 -2.178598 -2.181210
v 6.638201 -2.084271 -2.302255
v 6.508068 -1.975985 -2.346545
v 6.366771 -1.882755 -2.302213
v 6.252171 -1.829561 -2.181139
v 6.194973 -1.830658 -2.015763
v 6.210505 -1.885750 -1.850398
v 6.483199 -1.679948 -1.636206
v 6.618081 -1.780879 -1.588857
v 6.767059 -1.863402 -1.629072
v 6.890215 -1.905407 -1.746077
v 6.954550 -1.895638 -1.908520
v 6.942824 -1.836713 -2.072874
v 6.858180 -1.744420 -2.195101
v 6.723299 -1.643490 -2.242451
v 6.574320 -1.560966 -2.202235
v 6.451164 -1.518961 -2.085230
v 6.386829 -1.528730 -1.922788
v 6.398555 -1.587656 -1.758433
v 6.647421 -1.370834 -1.525914
v 6.786399 -1.464239 -1.475094
v 6.942154 -1.535694 -1.510541
v 7.072952 -1.566053 -1.622756
v 7.143745 -1.547182 -1.781672
v 7.135565 -1.484137 -1.944707
v 7.050603 -1.393811 -2.068176
v 6.911624 -1.300407 -2.118996
v 6.755869 -1.228952 -2.083549
v 6.625071 -1.198592 -1.971334
v 6.554278 -1.217463 -1.812418
v 6.562459 -1.280508 -1.649383
v 6.788164 -1.053903 -1.400585
v 6.930439 -1.139971 -1.346071
v 7.091685 -1.200788 -1.376454
v 7.228696 -1.220057 -1.483593
v 7.304759 -1.192614 -1.638781
v 7.299494 -1.125814 -1.800435
v 7.214311 -1.037555 -1.925240
v 7.072036 -0.951487 -1.979755
v 6.910790 -0.890670 -1.949372
v 6.773779 -0.871401 -1.842232
v 6.697716 -0.898844 -1.687044
v 6.702981 -0.965644 -1.525390
v 6.904880 -0.732398 -1.262974
v 7.049770 -0.811252 -1.204571
v 7.215418 -0.861780 -1.229667
v 7.357437 -0.870445 -1.331537
v 7.437774 -0.834925 -1.482885
v 7.434902 -0.764737 -1.643158
v 7.349592 -0.678687 -1.769411
v 7.204701 -0.599834 -1.827813
v 7.039054 -0.549305 -1.802717
v 6.897035 -0.540640 -1.700847
v 6.816698 -0.576161 -1.549499
v 6.819569 -0.646349 -1.389226
v 6.996824 -0.407702 -1.113596
v 7.143732 -0.479318 -1.051058
v 7.312954 -0.519435 -1.070465
v 7.459146 -0.517305 -1.166618
v 7.543136 -0.473498 -1.313753
v 7.542420 -0.399751 -1.472444
v 7.457188 -0.315827 -1.600171
v 7.310280 -0.244211 -1.662710
v 7.141058 -0.204093 -1.643303
v 6.994866 -0.206223 -1.547150
v 6.910876 -0.250031 -1.400015
v 6.911593 -0.323777 -1.241324
v 7.064936 -0.080408 -0.954162
v 7.213234 -0.144987 -0.887383
v 7.385064 -0.175156 -0.901024
v 7.534386 -0.162832 -0.991430
v 7.621188 -0.111317 -1.134376
v 7.622212 -0.034415 -1.291560
v 7.537184 0.047270 -1.420865
v 7.388886 0.111849 -1.487644
v 7.217056 0.142018 -1.474003
v 7.067734 0.129695 -1.383598
v 6.980932 0.078179 -1.240651
v 6.979908 0.001277 -1.083467
v 7.109446 0.247180 -0.787112
v 7.258570 0.189505 -0.715996
v 7.432169 0.168904 -0.723821
v 7.583725 0.190897 -0.808490
v 7.672631 0.249591 -0.947317
v 7.675063 0.329259 -1.103102
v 7.590371 0.408554 -1.234104
v 7.441246 0.466229 -1.305220
v 7.267648 0.486830 -1.297395
v 7.116091 0.464837 -1.212726
v 7.027186 0.406143 -1.073899
v 7.024753 0.326475 -0.918114
v 7.130022 0.573895 -0.612998
v 7.279437 0.523054 -0.537417
v 7.454070 0.512001 -0.539207
v 7.607128 0.543697 -0.617888
v 7.697599 0.609650 -0.752377
v 7.701242 0.692186 -0.906638
v 7.617080 0.769192 -1.039337
v 7.467665 0.820032 -1.114917
v 7.293033 0.831085 -1.113127
v 7.139975 0.799389 -1.034446
v 7.049503 0.733437 -0.899957
v 7.045860 0.650900 -0.745697
v 7.127152 0.899175 -0.433379
v 7.276339 0.855107 -0.353234
v 7.451268 0.853311 -0.348954
v 7.605069 0.894268 -0.421686
v 7.696529 0.967004 -0.551942
v 7.701142 1.052030 -0.704819
v 7.617673 1.126562 -0.839354
v 7.468486 1.170630 -0.919499
v 7.293556 1.172426 -0.923779
v 7.139756 1.131469 -0.851047
v 7.048295 1.058733 -0.720792
v 7.043682 0.973707 -0.567915
v 7.101118 1.221295 -0.250413
v 7.249566 1.183998 -0.165595
v 7.424098 1.191248 -0.155210
v 7.577950 1.241103 -0.222040
v 7.669895 1.320203 -0.348180
v 7.675298 1.407355 -0.499828
v 7.592711 1.479206 -0.636353
v 7.444263 1.516504 -0.721171
v 7.269731 1.509254 -0.731556
v 7.115880 1.459399 -0.664725
v 7.023934 1.380298 -0.538586
v 7.018531 1.293146 -0.386937
v 7.051880 1.539531 -0.064490
v 7.199077 1.508871 0.025036
v 7.372528 1.525053 0.041612
v 7.525758 1.583742 -0.019202
v 7.617707 1.669212 -0.141112
v 7.623739 1.758561 -0.291453
v 7.542238 1.827849 -0.429940
v 7.395040 1.858510 -0.519466
v 7.221589 1.842328 -0.536043
v 7.068360 1.783639 -0.475228
v 6.976410 1.698169 -0.353318
v 6.970378 1.608819 -0.202978
v 6.979395 1.853037 0.122521
v 7.124784 1.829194 0.216944
v 7.296452 1.854280 0.239809
v 7.448400 1.921573 0.184989
v 7.539916 2.013043 0.067174
v 7.546476 2.104179 -0.082068
v 7.466323 2.170562 -0.222747
v 7.320934 2.194405 -0.317170
v 7.149266 2.169319 -0.340035
v 6.997317 2.102026 -0.285216
v 6.905802 2.010556 -0.167401
v 6.899242 1.919420 -0.018159
v 6.883664 2.160297 0.308372
v 7.026622 2.143502 0.407885
v 7.195761 2.177534 0.437138
v 7.345760 2.253274 0.388295
v 7.436427 2.350428 0.274441
v 7.443468 2.442963 0.126085
v 7.364996 2.506085 -0.017023
v 7.222037 2.522880 -0.116535
v 7.052898 2.488848 -0.145789
v 6.902899 2.413108 -0.096946
v 6.812232 2.315954 0.016908
v 6.805191 2.223419 0.165265
v 6.764733 2.461034 0.492897
v 6.904714 2.451081 0.597435
v 7.070621 2.493855 0.633034
v 7.217999 2.577897 0.590154
v 7.307359 2.680686 0.480285
v 7.314756 2.774681 0.332867
v 7.238209 2.834696 0.187399
v 7.098229 2.844650 0.082861
v 6.932322 2.801875 0.047262
v 6.784944 2.717834 0.090142
v 6.695584 2.615044 0.200011
v 6.688186 2.521049 0.347429
v 6.622453 2.753921 0.673656
v 6.758685 2.751150 0.783451
v 6.920506 2.802799 0.825505
v 7.064555 2.895027 0.788548
v 7.152235 3.003122 0.682483
v 7.160051 3.098121 0.535731
v 7.085910 3.154568 0.387613
v 6.949677 3.157338 0.277818
v 6.787857 3.105690 0.235765
v 6.643807 3.013462 0.272722
v 6.556128 2.905367 0.378787
v 6.548311 2.810368 0.525539
v 6.456801 3.037262 0.847987
v 6.588381 3.042051 0.963250
v 6.745143 3.102762 1.011851
v 6.885081 3.203126 0.980767
v 6.970700 3.316252 0.878326
v 6.979058 3.411827 0.731979
v 6.907915 3.464242 0.580938
v 6.776334 3.459453 0.465675
v 6.619573 3.398742 0.417074
v 6.479634 3.298378 0.448158
v 6.394016 3.185252 0.550598
v 6.385658 3.089677 0.696946
v 6.267765 3.311080 1.015894
v 6.394069 3.323112 1.136412
v 6.545006 3.392559 1.191341
v 6.680132 3.500812 1.165963
v 6.763241 3.618866 1.067078
v 6.772064 3.715088 0.921182
v 6.704236 3.763694 0.767368
v 6.577932 3.751663 0.646850
v 6.426995 3.682216 0.591921
v 6.291868 3.573962 0.617299
v 6.208759 3.455909 0.716184
v 6.199937 3.359687 0.862080
v 6.055670 3.573391 1.174190
v 6.175579 3.593049 1.300116
v 6.319564 3.671392 1.361377
v 6.449043 3.787427 1.341558
v 6.529324 3.910064 1.245969
v 6.538895 4.006441 1.100223
v 6.475191 4.050735 0.943373
v 6.355282 4.031077 0.817447
v 6.211298 3.952734 0.756186
v 6.081818 3.836698 0.776005
v 6.001537 3.714062 0.871594
v 5.991967 3.617684 1.017340
v 5.821005 3.821995 1.319557
v 5.933187 3.849681 1.450975
v 6.068890 3.937121 1.518509
v 6.191754 4.060887 1.504062
v 6.268855 4.187815 1.411507
v 6.279536 4.283896 1.265643
v 6.220935 4.323384 1.105553
v 6.108752 4.295699 0.974135
v 5.973049 4.208259 0.906602
v 5.850186 4.084493 0.921048
v 5.773084 3.957564 1.013603
v 5.762403 3.861484 1.159468
v 5.563605 4.057111 1.452103
v 5.667350 4.092323 1.588554
v 5.793942 4.188346 1.661877
v 5.909461 4.319448 1.652423
v 5.982954 4.450503 1.562727
v 5.994729 4.546393 1.416821
v 5.941630 4.581425 1.253802
v 5.837885 4.546213 1.117350
v 5.711293 4.450191 1.044028
v 5.595774 4.319088 1.053481
v 5.522281 4.188033 1.143178
v 5.510506 4.092143 1.289083
v 5.284984 4.276534 1.568083
v 5.378817 4.319474 1.709410
v 5.494954 4.424015 1.788184
v 5.602275 4.562147 1.783296
v 5.672024 4.696856 1.696058
v 5.685512 4.792047 1.549843
v 5.639124 4.822214 1.383831
v 5.545290 4.779274 1.242503
v 5.429154 4.674732 1.163730
v 5.321832 4.536601 1.168617
v 5.252083 4.401892 1.255856
v 5.238596 4.306701 1.402070
v 4.987011 4.477728 1.663562
v 5.069184 4.528590 1.809448
v 5.173269 4.641614 1.893197
v 5.271375 4.786516 1.892370
v 5.337216 4.924469 1.807188
v 5.353148 5.018509 1.660475
v 5.314904 5.043437 1.491543
v 5.232731 4.992576 1.345657
v 5.128646 4.879552 1.261908
v 5.030540 4.734650 1.262735
v 4.964700 4.596697 1.347917
v 4.948767 4.502657 1.494630
v 4.669504 4.660830 1.738570
v 4.739321 4.718843 1.888176
v 4.830575 4.839569 1.976038
v 4.918816 4.990662 1.978612
v 4.980400 5.131634 1.895208
v 4.998825 5.224714 1.748175
v 4.969154 5.244960 1.576910
v 4.899337 5.186947 1.427303
v 4.808083 5.066221 1.339442
v 4.719842 4.915128 1.336868
v 4.658258 4.774156 1.420271
v 4.639833 4.681076 1.567304
v 4.335773 4.823915 1.789520
v 4.391709 4.888811 1.942104
v 4.468921 5.016727 2.033197
v 4.546719 5.173387 2.038392
v 4.604259 5.316815 1.956296
v 4.626121 5.408579 1.808907
v 4.606449 5.424091 1.635718
v 4.550513 5.359195 1.483135
v 4.473301 5.231279 1.392042
v 4.395502 5.074619 1.386847
v 4.337963 4.931191 1.468943
v 4.316101 4.839427 1.616332
v 3.989940 4.964535 1.812593
v 4.030180 5.036032 1.967160
v 4.091873 5.170650 2.060402
v 4.158489 5.332317 2.067335
v 4.212179 5.477715 1.986101
v 4.238556 5.567884 1.838467
v 4.230552 5.578664 1.663992
v 4.190313 5.507167 1.509425
v 4.128620 5.372549 1.416183
v 4.062004 5.210882 1.409250
v 4.008314 5.065484 1.490483
v 3.981937 4.975315 1.638117
v 3.632045 5.082631 1.807697
v 3.656162 5.159650 1.962965
v 3.701869 5.299915 2.057086
v 3.756919 5.465841 2.064839
v 3.806560 5.612969 1.984148
v 3.837492 5.701875 1.836632
v 3.841426 5.708739 1.661820
v 3.817308 5.631719 1.506551
v 3.771601 5.491455 1.412430
v 3.716552 5.325529 1.404677
v 3.666910 5.178401 1.485369
v 3.635979 5.089494 1.632884
v 3.266735 5.177739 1.772313
v 3.273784 5.259428 1.926907
v 3.303077 5.404324 2.020549
v 3.346764 5.573604 2.028149
v 3.393140 5.721909 1.947669
v 3.429779 5.809500 1.800675
v 3.446862 5.812908 1.626552
v 3.439813 5.731220 1.471958
v 3.410520 5.586323 1.378316
v 3.366833 5.417043 1.370716
v 3.320457 5.268739 1.451196
v 3.283818 5.181147 1.598191
v 2.900387 5.248681 1.703815
v 2.889177 5.334209 1.856070
v 2.901408 5.482804 1.947677
v 2.933801 5.654651 1.954091
v 2.977678 5.803705 1.873592
v 3.021281 5.890025 1.727751
v 3.052927 5.890483 1.555646
v 3.064137 5.804955 1.403391
v 3.051907 5.656360 1.311784
v 3.019514 5.484512 1.305371
v 2.975637 5.335459 1.385869
v 2.932034 5.249139 1.531710
v 2.533829 5.295156 1.602160
v 2.504563 5.383271 1.750488
v 2.499882 5.534404 1.838572
v 2.521039 5.708060 1.842809
v 2.562365 5.857708 1.762064
v 2.612787 5.943249 1.617973
v 2.658795 5.941763 1.449144
v 2.688060 5.853648 1.300816
v 2.692742 5.702515 1.212732
v 2.671585 5.528859 1.208495
v 2.630259 5.379211 1.289240
v 2.579836 5.293670 1.433331
v 2.170474 5.319690 1.466791
v 2.123891 5.409160 1.609785
v 2.103616 5.561625 1.693242
v 2.115080 5.736234 1.694801
v 2.155213 5.886199 1.614043
v 2.213259 5.971338 1.472607
v 2.273667 5.968837 1.308392
v 2.320250 5.879368 1.165398
v 2.340525 5.726902 1.081941
v 2.329061 5.552294 1.080382
v 2.288928 5.402328 1.161140
v 2.230882 5.317190 1.302576
v 1.816902 5.324170 1.297760
v 1.753551 5.413974 1.433936
v 1.718789 5.566834 1.511701
v 1.721928 5.741791 1.510218
v 1.762129 5.891966 1.429885
v 1.828619 5.977119 1.292225
v 1.903582 5.974433 1.134127
v 1.966933 5.884629 0.997950
v 2.001696 5.731770 0.920185
v 1.998556 5.556813 0.921668
v 1.958355 5.406638 1.002002
v 1.891865 5.321485 1.139661
v 1.475469 5.308325 1.095829
v 1.396253 5.397518 1.223858
v 1.347738 5.549962 1.294774
v 1.342922 5.724810 1.289574
v 1.383096 5.875211 1.209652
v 1.457495 5.960866 1.076423
v 1.546184 5.958823 0.925585
v 1.625400 5.869630 0.797556
v 1.673915 5.717186 0.726640
v 1.678731 5.542338 0.731840
v 1.638557 5.391937 0.811762
v 1.564158 5.306282 0.944991
v 1.143127 5.278670 0.862775
v 1.051504 5.366533 0.983221
v 0.992868 5.518029 1.048280
v 0.982930 5.692566 1.040519
v 1.024353 5.843376 0.962018
v 1.106038 5.930050 0.833811
v 1.206098 5.929363 0.690250
v 1.297721 5.841501 0.569803
v 1.356357 5.690005 0.504744
v 1.366295 5.515468 0.512505
v 1.324872 5.364658 0.591006
v 1.243187 5.277984 0.719214
v 0.821218 5.241801 0.602770
v 0.720132 5.328097 0.716597
v 0.654483 5.478559 0.777206
v 0.641864 5.652870 0.768359
v 0.685654 5.804325 0.692425
v 0.774120 5.892340 0.569751
v 0.883559 5.893333 0.433207
v 0.984645 5.807037 0.319380
v 1.050293 5.656575 0.258770
v 1.062913 5.482263 0.267618
v 1.019123 5.330809 0.343552
v 0.930657 5.242793 0.466226
v 0.513498 5.198050 0.318524
v 0.403629 5.282614 0.425293
v 0.331413 5.431917 0.481110
v 0.316202 5.605954 0.471018
v 0.362070 5.758091 0.397721
v 0.456728 5.847564 0.280860
v 0.574811 5.850398 0.151746
v 0.684680 5.765833 0.044977
v 0.756895 5.616530 -0.010840
v 0.772107 5.442494 -0.000748
v 0.726239 5.290356 0.072549
v 0.631581 5.200884 0.189410
v 0.210744 5.153502 0.019622
v 0.097027 5.236792 0.123319
v 0.022185 5.385340 0.177669
v 0.006272 5.559344 0.168109
v 0.053553 5.712179 0.097201
v 0.151358 5.802893 -0.016057
v 0.273480 5.807180 -0.141315
v 0.387198 5.723890 -0.245012
v 0.462040 5.575341 -0.299362
v 0.477952 5.401337 -0.289802
v 0.430672 5.248502 -0.218894
v 0.332867 5.157788 -0.105637
v -0.095046 5.114582 -0.282724
v -0.208233 5.197199 -0.177915
v -0.282113 5.345483 -0.121561
v -0.296889 5.519701 -0.128764
v -0.248603 5.673171 -0.197593
v -0.150192 5.764771 -0.309606
v -0.028026 5.769957 -0.434788
v 0.085161 5.687340 -0.539597
v 0.159040 5.539056 -0.595951
v 0.173817 5.364838 -0.588748
v 0.125531 5.211368 -0.519919
v 0.027120 5.119768 -0.407906
v -0.402420 5.081552 -0.586982
v -0.515096 5.163477 -0.481084
v -0.588034 5.311460 -0.422749
v -0.601690 5.485850 -0.427609
v -0.552405 5.639919 -0.494360
v -0.453385 5.732384 -0.605118
v -0.331162 5.738470 -0.730204
v -0.218486 5.656545 -0.836102
v -0.145548 5.508561 -0.894437
v -0.131892 5.334171 -0.889577
v -0.181177 5.180102 -0.822826
v -0.280197 5.087637 -0.712068
v -0.713329 5.049831 -0.874930
v -0.822466 5.131382 -0.765111
v -0.893514 5.279152 -0.703969
v -0.907434 5.453545 -0.707887
v -0.860497 5.607833 -0.775815
v -0.765279 5.700674 -0.889552
v -0.647294 5.707192 -1.018623
v -0.538156 5.625640 -1.128442
v -0.467109 5.477870 -1.189584
v -0.453189 5.303477 -1.185666
v -0.500126 5.149189 -1.117738
v -0.595344 5.056348 -1.004001
v -1.034045 5.014353 -1.133440
v -1.136131 5.095888 -1.017025
v -1.204087 5.243561 -0.952244
v -1.219704 5.417803 -0.956455
v -1.178798 5.571927 -1.028529
v -1.092330 5.664634 -1.149155
v -0.983468 5.671084 -1.286011
v -0.881382 5.589548 -1.402426
v -0.813426 5.441875 -1.467207
v -0.797809 5.267633 -1.462996
v -0.838715 5.113510 -1.390922
v -0.925183 5.020803 -1.270296
v -1.369367 4.974680 -1.367233
v -1.463798 5.056323 -1.244599
v -1.528306 5.203965 -1.176315
v -1.545608 5.378044 -1.180680
v -1.511066 5.531917 -1.256522
v -1.433936 5.624353 -1.383520
v -1.334886 5.630584 -1.527646
v -1.240455 5.548941 -1.650280
v -1.175946 5.401299 -1.718564
v -1.158645 5.227220 -1.714199
v -1.193187 5.073347 -1.638357
v -1.270316 4.980911 -1.511359
v -1.710575 4.924093 -1.566156
v -1.796823 5.005946 -1.437769
v -1.859223 5.153386 -1.367130
v -1.881055 5.326905 -1.373167
v -1.856469 5.480009 -1.454263
v -1.792053 5.571675 -1.588687
v -1.705067 5.577341 -1.740422
v -1.618820 5.495487 -1.868809
v -1.556420 5.348048 -1.939448
v -1.534588 5.174529 -1.933411
v -1.559173 5.021424 -1.852316
v -1.623589 4.929758 -1.717891
v -2.054057 4.855845 -1.724712
v -2.131338 4.938205 -1.591047
v -2.193052 5.085203 -1.518902
v -2.222664 5.257451 -1.527608
v -2.212238 5.408796 -1.614833
v -2.164568 5.498684 -1.757205
v -2.092428 5.503030 -1.916576
v -2.015146 5.420670 -2.050241
v -1.953432 5.273672 -2.122386
v -1.923821 5.101424 -2.113680
v -1.934247 4.950079 -2.026454
v -1.981916 4.860191 -1.884083
v -2.406456 4.769416 -1.846926
v -2.474073 4.852853 -1.708766
v -2.534808 4.999510 -1.635111
v -2.572387 5.170091 -1.645698
v -2.576741 5.318888 -1.737690
v -2.546703 5.406032 -1.886437
v -2.490322 5.408172 -2.052083
v -2.422705 5.324735 -2.190243
v -2.361970 5.178078 -2.263897
v -2.324391 5.007498 -2.253311
v -2.320036 4.858700 -2.161319
v -2.350074 4.771557 -2.012572
v -2.759747 4.664245 -1.932643
v -2.818460 4.748985 -1.791243
v -2.879238 4.895057 -1.716471
v -2.925795 5.063322 -1.728360
v -2.945656 5.208693 -1.823727
v -2.933499 5.292219 -1.977017
v -2.892582 5.291518 -2.147156
v -2.833868 5.206778 -2.288555
v -2.773090 5.060706 -2.363328
v -2.726533 4.892441 -2.351438
v -2.706673 4.747070 -2.256072
v -2.718830 4.663544 -2.102782
v -3.106507 4.539873 -1.982072
v -3.157017 4.626120 -1.838433
v -3.218902 4.771229 -1.762700
v -3.275581 4.936318 -1.775164
v -3.311866 5.077150 -1.872486
v -3.318035 5.155991 -2.028588
v -3.292435 5.151715 -2.201644
v -3.241925 5.065467 -2.345283
v -3.180040 4.920358 -2.421017
v -3.123361 4.755270 -2.408553
v -3.087076 4.614437 -2.311231
v -3.080907 4.535596 -2.155128
v -3.449039 4.395825 -1.995730
v -3.491064 4.484158 -1.850633
v -3.553786 4.628324 -1.773795
v -3.620400 4.789695 -1.785805
v -3.673056 4.925030 -1.883446
v -3.697645 4.998067 -2.040554
v -3.687578 4.989237 -2.215032
v -3.645554 4.900904 -2.360130
v -3.582832 4.756738 -2.436967
v -3.516218 4.595367 -2.424957
v -3.463562 4.460032 -2.327316
v -3.438973 4.386994 -2.170208
v -3.784054 4.233934 -1.977249
v -3.818770 4.324371 -1.831517
v -3.882624 4.467416 -1.753524
v -3.958504 4.624740 -1.764168
v -4.026079 4.754189 -1.860597
v -4.067242 4.821076 -2.016974
v -4.070964 4.807480 -2.191397
v -4.036247 4.717044 -2.337129
v -3.972394 4.573999 -2.415122
v -3.896514 4.416675 -2.404478
v -3.828939 4.287226 -2.308049
v -3.787775 4.220338 -2.151672
v -4.105947 4.056825 -1.930047
v -4.134432 4.149283 -1.784232
v -4.199752 4.290951 -1.704950
v -4.284404 4.443869 -1.713446
v -4.365706 4.567063 -1.807442
v -4.421872 4.627523 -1.961753
v -4.437854 4.609049 -2.135032
v -4.409369 4.516591 -2.280847
v -4.344050 4.374923 -2.360128
v -4.259398 4.222005 -2.351633
v -4.178096 4.098811 -2.257636
v -4.121929 4.038351 -2.103325
v -4.414011 3.864777 -1.854079
v -4.436260 3.959643 -1.708726
v -4.502781 4.099947 -1.628031
v -4.595750 4.248095 -1.633615
v -4.690255 4.364390 -1.723982
v -4.760974 4.417671 -1.874919
v -4.788959 4.393662 -2.045981
v -4.766710 4.298796 -2.191334
v -4.700189 4.158492 -2.272030
v -4.607220 4.010344 -2.266445
v -4.512715 3.894049 -2.176078
v -4.441995 3.840768 -2.025141
v -4.708332 3.659195 -1.753411
v -4.725511 3.756180 -1.608771
v -4.793296 3.894982 -1.526545
v -4.893525 4.038409 -1.528764
v -4.999341 4.148029 -1.614836
v -5.082391 4.194471 -1.761696
v -5.120422 4.165289 -1.929993
v -5.103244 4.068304 -2.074633
v -5.035459 3.929502 -2.156860
v -4.935230 3.786075 -2.154640
v -4.829414 3.676455 -2.068568
v -4.746363 3.630013 -1.921709
v -4.986536 3.442738 -1.632546
v -4.999686 3.541466 -1.488665
v -5.068841 3.678572 -1.404750
v -5.175469 3.817318 -1.403287
v -5.291000 3.920526 -1.484666
v -5.384477 3.960543 -1.627084
v -5.430853 3.926646 -1.792378
v -5.417702 3.827918 -1.936259
v -5.348548 3.690812 -2.020174
v -5.241920 3.552066 -2.021637
v -5.126389 3.448858 -1.940258
v -5.032912 3.408841 -1.797840
v -5.247199 3.216261 -1.491885
v -5.256382 3.316955 -1.349062
v -5.326673 3.452379 -1.263378
v -5.439236 3.586246 -1.257793
v -5.563910 3.682687 -1.333803
v -5.667289 3.715860 -1.471041
v -5.721673 3.676877 -1.632735
v -5.712489 3.576183 -1.775558
v -5.642199 3.440759 -1.861241
v -5.529636 3.306892 -1.866826
v -5.404962 3.210451 -1.790816
v -5.301582 3.177278 -1.653578
v -5.491614 2.980016 -1.334947
v -5.497826 3.082120 -1.192967
v -5.569384 3.215599 -1.105305
v -5.687116 3.344689 -1.095450
v -5.819474 3.434799 -1.166043
v -5.930994 3.461786 -1.298168
v -5.991794 3.418417 -1.456423
v -5.985582 3.316313 -1.598403
v -5.914023 3.182834 -1.686065
v -5.796292 3.053744 -1.695920
v -5.663933 2.963634 -1.625327
v -5.552413 2.936647 -1.493202
v -5.719528 2.735377 -1.165943
v -5.723647 2.838269 -1.024457
v -5.796617 2.969485 -0.934569
v -5.918885 3.093866 -0.920366
v -6.057690 3.178086 -0.985653
v -6.175839 3.199576 -1.112937
v -6.241674 3.152579 -1.268111
v -6.237554 3.049688 -1.409597
v -6.164584 2.918472 -1.499485
v -6.042316 2.794090 -1.513688
v -5.903512 2.709871 -1.448401
v -5.785363 2.688380 -1.321118
v -5.929936 2.483201 -0.985446
v -5.931980 2.587002 -0.844581
v -6.006142 2.715951 -0.752416
v -6.132549 2.835496 -0.733648
v -6.277332 2.913604 -0.793306
v -6.401696 2.929347 -0.915403
v -6.472317 2.878507 -1.067225
v -6.470273 2.774706 -1.208091
v -6.396112 2.645757 -1.300256
v -6.269704 2.526213 -1.319024
v -6.124921 2.448104 -1.259366
v -6.000558 2.432361 -1.137268
v -6.123734 2.223105 -0.796444
v -6.124421 2.327113 -0.655718
v -6.199954 2.453332 -0.560925
v -6.330093 2.567941 -0.537467
v -6.479969 2.640232 -0.591627
v -6.609421 2.650834 -0.708895
v -6.683764 2.596905 -0.857847
v -6.683077 2.492897 -0.998573
v -6.607544 2.366678 -1.093366
v -6.477405 2.252069 -1.116824
v -6.327529 2.179778 -1.062664
v -6.198076 2.169176 -0.945396
v -6.301204 1.955328 -0.602370
v -6.301153 2.058785 -0.461237
v -6.378214 2.181751 -0.363445
v -6.511737 2.291276 -0.335198
v -6.665945 2.358013 -0.384065
v -6.799518 2.364082 -0.496951
v -6.876666 2.307854 -0.643610
v -6.876716 2.204397 -0.784743
v -6.799655 2.081432 -0.882535
v -6.666133 1.971907 -0.910782
v -6.511924 1.905169 -0.861915
v -6.378351 1.899101 -0.749029
v -6.461983 1.680303 -0.403536
v -6.461139 1.783271 -0.262048
v -6.539487 1.902944 -0.161240
v -6.676032 2.007254 -0.128124
v -6.834188 2.068253 -0.171574
v -6.971577 2.069596 -0.279946
v -7.051385 2.010922 -0.424203
v -7.052228 1.907954 -0.565691
v -6.973881 1.788282 -0.666499
v -6.837335 1.683971 -0.699614
v -6.679180 1.622972 -0.656165
v -6.541791 1.621630 -0.547793

g knot00
f 1 2 14 13
f 2 3 15 14
f 3 4 16 15
f 4 5 17 16
f 5 6 18 17
f 6 7 19 18
f 7 8 20 19
f 8 9 21 20
f 9 10 22 21
f 10 11 23 22
f 11 12 24 23
f 12 1 13 24
f 13 14 26 25
f 14 15 27 26
f 15 16 28 27
f 16 17 29 28
f 17 18 30 29
f 18 19 31 30
f 19 20 32 31
f 20 21 33 32
f 21 22 34 33
f 22 23 35 34
f 23 24 36 35
f 24 13 25 36
f 25 26 38 37
f 26 27 39 38
f 27 28 40 39
f 28 29 41 40
f 29 30 42 41
f 30 31 43 42
f 31 32 44 43
f 32 33 45 44
f 33 34 46 45
f 34 35 47 46
f 35 36 48 47
f 36 25 37 48
f 37 38 50 49
f 38 39 51 50
f 39 40 52 51
f 40 41 53 52
f 41 42 54 53
f 42 43 55 54
f 43 44 56 55
f 44 45 57 56
f 45 46 58 57
f 46 47 59 58
f 47 48 60 59
f 48 37 49 60
f 49 50 62 61
f 50 51 63 62
f 51 52 64 63
f 52 53 65 64
f 53 54 66 65
f 54 55 67 66
f 55 56 68 67
f 56 57 69 68
f 57 58 70 69
f 58 59 71 70
f 59 60 72 71
f 60 49 61 72
f 61 62 74 73
f 62 63 75 74
f 63 64 76 75
f 64 65 77 76
f 65 66 78 77
f 66 67 79 78
f 67 68 80 79
f 68 69 81 80
f 69 70 82 81
f 70 71 83 82
f 71 72 84 83
f 72 61 73 84
f 73 74 86 85
f 74 75 87 86
f 75 76 88 87
f 76 77 89 88
f 77 78 90 89
f 78 79 91 90
f 79 80 92 91
f 80 81 93 92
f 81 82 94 93
f 82 83 95 94
f 83 84 96 95
f 84 73 85 96
f 85 86 98 97
f 86 87 99 98
f 87 88 100 99
f 88 89 101 100
f 89 90 102 101
f 90 91 103 102
f 91 92 104 103
f 92 93 105 104
f 93 94 106 105
f 94 95 107 106
f 95 96 108 107
f 96 85 97 108
f 97 98 110 109
f 98 99 111 110
f 99 100 112 111
f 100 101 113 112
f 101 102 114 113
f 102 103 115 114
f 103 104 116 115
f 104 105 117 116
f 105 106 118 117
f 106 107 119 118
f 107 108 120 119
f 108 97 109 120
f 109 110 122 121
f 110 111 123 122
f 111 112 124 123
f 112 113 125 124
f 113 114 126 125
f 114 115 127 126
f 115 116 128 127
f 116 117 129 128
f 117 118 130 129
f 118 119 131 130
f 119 120 132 131
f 120 109 121 132
f 121 122 134 133
f 122 123 135 134
f 123 124 136 135
f 124 125 137 136
f 125 126 138 137
f 126 127 139 138
f 127 128 140 139
f 128 129 141 140
f 129 130 142 141
f 130 131 143 142
f 131 132 144 143
f 132 121 133 144
f 133 134 146 145
f 134 135 147 146
f 135 136 148 147
f 136 137 149 148
f 137 138 150 149
f 138 139 151 150
f 139 140 152 151
f 140 141 153 152
f 141 142 154 153
f 142 143 155 154
f 143 144 156 155
f 144 133 145 156
f 145 146 158 157
f 146 147 159 158
f 147 148 160 159
f 148 149 161 160
f 149 150 162 161
f 150 151 163 162
f 151 152 164 163
f 152 153 165 164
f 153 154 166 165
f 154 155 167 166
f 155 156 168 167
f 156 145 157 168
f 157 158 170 169
f 158 159 171 170
f 159 160 172 171
f 160 161 173 172
f 161 162 174 173
f 162 163 175 174
f 163 164 176 175
f 164 165 177 176
f 165 166 178 177
f 166 167 179 178
f 167 168 180 179
f 168 157 169 180
f 169 170 182 181
f 170 171 183 182
f 171 172 184 183
f 172 173 185 184
f 173 174 186 185
f 174 175 187 186
f 175 176 188 187
f 176 177 189 188
f 177 178 190 189
f 178 179 191 190
f 179 180 192 191
f 180 169 181 192
f 181 182 194 193
f 182 183 195 194
f 183 184 196 195
f 184 185 197 196
f 185 186 198 197
f 186 187 199 198
f 187 188 200 199
f 188 189 201 200
f 189 190 202 201
f 190 191 203 202
f 191 192 204 203
f 192 181 193 204
f 193 194 206 205
f 194 195 207 206
f 195 196 208 207
f 196 197 209 208
f 197 198 210 209
f 198 199 211 210
f 199 200 212 211
f 200 201 213 212
f 201 202 214 213
f 202 203 215 214
f 203 204 216 215
f 204 193 205 216
f 205 206 218 217
f 206 207 219 218
f 207 208 220 219
f 208 209 221 220
f 209 210 222 221
f 210 211 223 222
f 211 212 224 223
f 212 213 225 224
f 213 214 226 225
f 214 215 227 226
f 215 216 228 227
f 216 205 217 228
f 217 218 230 229
f 218 219 231 230
f 219 220 232 231
f 220 221 233 232
f 221 222 234 233
f 222 223 235 234
f 223 224 236 235
f 224 225 237 236
f 225 226 238 237
f 226 227 239 238
f 227 228 240 239
f 228 217 229 240
f 229 230 242 241
f 230 231 243 242
f 231 232 244 243
f 232 233 245 244
f 233 234 246 245
f 234 235 247 246
f 235 236 248 247
f 236 237 249 248
f 237 238 250 249
f 238 239 251 250
f 239 240 252 251
f 240 229 241 252
f 241 242 254 253
f 242 243 255 254
f 243 244 256 255
f 244 245 257 256
f 245 246 258 257
f 246 247 259 258
f 247 248 260 259
f 248 249 261 260
f 249 250 262 261
f 250 251 263 262
f 251 252 264 263
f 252 241 253 264
f 253 254 266 265
f 254 255 267 266
f 255 256 268 267
f 256 257 269 268
f 257 258 270 269
f 258 259 271 270
f 259 260 272 271
f 260 261 273 272
f 261 262 274 273
f 262 263 275 274
f 263 264 276 275
f 264 253 265 276
f 265 266 278 277
f 266 267 279 278
f 267 268 280 279
f 268 269 281 280
f 269 270 282 281
f 270 271 283 282
f 271 272 284 283
f 272 273 285 284
f 273 274 286 285
f 274 275 287 286
f 275 276 288 287
f 276 265 277 288
f 277 278 290 289
f 278 279 291 290
f 279 280 292 291
f 280 281 293 292
f 281 282 294 293
f 282 283 295 294
f 283 284 296 295
f 284 285 297 296
f 285 286 298 297
f 286 287 299 298
f 287 288 300 299
f 288 277 289 300
f 289 290 302 301
f 290 291 303 302
f 291 292 304 303
f 292 293 305 304
f 293 294 306 305
f 294 295 307 306
f 295 296 308 307
f 296 297 309 308
f 297 298 310 309
f 298 299 311 310
f 299 300 312 311
f 300 289 301 312
f 301 302 314 313
f 302 303 315 314
f 303 304 316 315
f 304 305 317 316
f 305 306 318 317
f 306 307 319 318
f 307 308 320 319
f 308 309 321 320
f 309 310 322 321
f 310 311 323 322
f 311 312 324 323
f 312 301 313 324
f 313 314 326 325
f 314 315 327 326
f 315 316 328 327
f 316 317 329 328
f 317 318 330 329
f 318 319 331 330
f 319 320 332 331
f 320 321 333 332
f 321 322 334 333
f 322 323 335 334
f 323 324 336 335
f 324 313 325 336
f 325 326 338 337
f 326 327 339 338
f 327 328 340 339
f 328 329 341 340
f 329 330 342 341
f 330 331 343 342
f 331 332 344 343
f 332 333 345 344
f 333 334 346 345
f 334 335 347 346
f 335 336 348 347
f 336 325 337 348
f 337 338 350 349
f 338 339 351 350
f 339 340 352 351
f 340 341 353 352
f 341 342 354 353
f 342 343 355 354
f 343 344 356 355
f 344 345 357 356
f 345 346 358 357
f 346 347 359 358
f 347 348 360 359
f 348 337 349 360
f 349 350 362 361
f 350 351 363 362
f 351 352 364 363
f 352 353 365 364
f 353 354 366 365
f 354 355 367 366
f 355 356 368 367
f 356 357 369 368
f 357 358 370 369
f 358 359 371 370
f 359 360 372 371
f 360 349 361 372
f 361 362 374 373
f 362 363 375 374
f 363 364 376 375
f 364 365 377 376
f 365 366 378 377
f 366 367 379 378
f 367 368 380 379
f 368 369 381 380
f 369 370 382 381
f 370 371 383 382
f 371 372 384 383
f 372 361 373 384
f 373 374 386 385
f 374 375 387 386
f 375 376 388 387
f 376 377 389 388
f 377 378 390 389
f 378 379 391 390
f 379 380 392 391
f 380 381 393 392
f 381 382 394 393
f 382 383 395 394
f 383 384 396 395
f 384 373 385 396
f 385 386 398 397
f 386 387 399 398
f 387 388 400 399
f 388 389 401 400
f 389 390 402 401
f 390 391 403 402
f 391 392 404 403
f 392 393 405 404
f 393 394 406 405
f 394 395 407 406
f 395 396 408 407
f 396 385 397 408
f 397 398 410 409
f 398 399 411 410
f 399 400 412 411
f 400 401 413 412
f 401 402 414 413
f 402 403 415 414
f 403 404 416 415
f 404 405 417 416
f 405 406 418 417
f 406 407 419 418
f 407 408 420 419
f 408 397 409 420
f 409 410 422 421
f 410 411 423 422
f 411 412 424 423
f 412 413 425 424
f 413 414 426 425
f 414 415 427 426
f 415 416 428 427
f 416 417 429 428
f 417 418 430 429
f 418 419 431 430
f 419 420 432 431
f 420 409 421 432
f 421 422 434 433
f 422 423 435 434
f 423 424 436 435
f 424 425 437 436
f 425 426 438 437
f 426 427 439 438
f 427 428 440 439
f 428 429 441 440
f 429 430 442 441
f 430 431 443 442
f 431 432 444 443
f 432 421 433 444
f 433 434 446 445
f 434 435 447 446
f 435 436 448 447
f 436 437 449 448
f 437 438 450 449
f 438 439 451 450
f 439 440 452 451
f 440 441 453 452
f 441 442 454 453
f 442 443 455 454
f 443 444 456 455
f 444 433 445 456
f 445 446 458 457
f 446 447 459 458
f 447 448 460 459
f 448 449 461 460
f 449 450 462 461
f 450 451 463 462
f 451 452 464 463
f 452 453 465 464
f 453 454 466 465
f 454 455 467 466
f 455 456 468 467
f 456 445 457 468
f 457 458 470 469
f 458 459 471 470
f 459 460 472 471
f 460 461 473 472
f 461 462 474 473
f 462 463 475 474
f 463 464 476 475
f 464 465 477 476
f 465 466 478 477
f 466 467 479 478
f 467 468 480 479
f 468 457 469 480
f 469 470 482 481
f 470 471 483 482
f 471 472 484 483
f 472 473 485 484
f 473 474 486 485
f 474 475 487 486
f 475 476 488 487
f 476 477 489 488
f 477 478 490 489
f 478 479 491 490
f 479 480 492 491
f 480 469 481 492
f 481 482 494 493
f 482 483 495 494
f 483 484 496 495
f 484 485 497 496
f 485 486 498 497
f 486 487 499 498
f 487 488 500 499
f 488 489 501 500
f 489 490 502 501
f 490 491 503 502
f 491 492 504 503
f 492 481 493 504
f 493 494 506 505
f 494 495 507 506
f 495 496 508 507
f 496 497 509 508
f 497 498 510 509
f 498 499 511 510
f 499 500 512 511
f 500 501 513 512
f 501 502 514 513
f 502 503 515 514
f 503 504 516 515
f 504 493 505 516
f 505 506 518 517
f 506 507 519 518
f 507 508 520 519
f 508 509 521 520
f 509 510 522 521
f 510 511 523 522
f 511 512 524 523
f 512 513 525 524
f 513 514 526 525
f 514 515 527 526
f 515 516 528 527
f 516 505 517 528
f 517 518 530 529
f 518 519 531 530
f 519 520 532 531
f 520 521 533 532
f 521 522 534 533
f 522 523 535 534
f 523 524 536 535
f 524 525 537 536
f 525 526 538 537
f 526 527 539 538
f 527 528 540 539
f 528 517 529 540
f 529 530 542 541
f 530 531 543 542
f 531 532 544 543
f 532 533 545 544
f 533 534 546 545
f 534 535 547 546
f 535 536 548 547
f 536 537 549 548
f 537 538 550 549
f 538 539 551 550
f 539 540 552 551
f 540 529 541 552
f 541 542 554 553
f 542 543 555 554
f 543 544 556 555
f 544 545 557 556
f 545 546 558 557
f 546 547 559 558
f 547 548 560 559
f 548 549 561 560
f 549 550 562 561
f 550 551 563 562
f 551 552 564 563
f 552 541 553 564
f 553 554 566 565
f 554 555 567 566
f 555 556 568 567
f 556 557 569 568
f 557 558 570 569
f 558 559 571 570
f 559 560 572 571
f 560 561 573 572
f 561 562 574 573
f 562 563 575 574
f 563 564 576 575
f 564 553 565 576
f 565 566 578 577
f 566 567 579 578
f 567 568 580 579
f 568 569 581 580
f 569 570 582 581
f 570 571 583 582
f 571 572 584 583
f 572 573 585 584
f 573 574 586 585
f 574 575 587 586
f 575 576 588 587
f 576 565 577 588
f 577 578 590 589
f 578 579 591 590
f 579 580 592 591
f 580 581 593 592
f 581 582 594 593
f 582 583 595 594
f 583 584 596 595
f 584 585 597 596
f 585 586 598 597
f 586 587 599 598
f 587 588 600 599
f 588 577 589 600
f 589 590 602 601
f 590 591 603 602
f 591 592 604 603
f 592 593 605 604
f 593 594 606 605
f 594 595 607 606
f 595 596 608 607
f 596 597 609 608
f 597 598 610 609
f 598 599 611 610
f 599 600 612 611
f 600 589 601 612
f 601 602 614 613
f 602 603 615 614
f 603 604 616 615
f 604 605 617 616
f 605 606 618 617
f 606 607 619 618
f 607 608 620 619
f 608 609 621 620
f 609 610 622 621
f 610 611 623 622
f 611 612 624 623
f 612 601 613 624
f 613 614 626 625
f 614 615 627 626
f 615 616 628 627
f 616 617 629 628
f 617 618 630 629
f 618 619 631 630
f 619 620 632 631
f 620 621 633 632
f 621 622 634 633
f 622 623 635 634
f 623 624 636 635
f 624 613 625 636
f 625 626 638 637
f 626 627 639 638
f 627 628 640 639
f 628 629 641 640
f 629 630 642 641
f 630 631 643 642
f 631 632 644 643
f 632 633 645 644
f 633 634 646 645
f 634 635 647 646
f 635 636 648 647
f 636 625 637 648
f 637 638 650 649
f 638 639 651 650
f 639 640 652 651
f 640 641 653 652
f 641 642 654 653
f 642 643 655 654
f 643 644 656 655
f 644 645 657 656
f 645 646 658 657
f 646 647 659 658
f 647 648 660 659
f 648 637 649 660
f 649 650 662 661
f 650 651 663 662
f 651 652 664 663
f 652 653 665 664
f 653 654 666 665
f 654 655 667 666
f 655 656 668 667
f 656 657 669 668
f 657 658 670 669
f 658 659 671 670
f 659 660 672 671
f 660 649 661 672
f 661 662 674 673
f 662 663 675 674
f 663 664 676 675
f 664 665 677 676
f 665 666 678 677
f 666 667 679 678
f 667 668 680 679
f 668 669 681 680
f 669 670 682 681
f 670 671 683 682
f 671 672 684 683
f 672 661 673 684
f 673 674 686 685
f 674 675 687 686
f 675 676 688 687
f 676 677 689 688
f 677 678 690 689
f 678 679 691 690
f 679 680 692 691
f 680 681 693 692
f 681 682 694 693
f 682 683 695 694
f 683 684 696 695
f 684 673 685 696
f 685 686 698 697
f 686 687 699 698
f 687 688 700 699
f 688 689 701 700
f 689 690 702 701
f 690 691 703 702
f 691 692 704 703
f 692 693 705 704
f 693 694 706 705
f 694 695 707 706
f 695 696 708 707
f 696 685 697 708
f 697 698 710 709
f 698 699 711 710
f 699 700 712 711
f 700 701 713 712
f 701 702 714 713
f 702 703 715 714
f 703 704 716 715
f 704 705 717 716
f 705 706 718 717
f 706 707 719 718
f 707 708 720 719
f 708 697 709 720
f 709 710 722 721
f 710 711 723 722
f 711 712 724 723
f 712 713 725 724
f 713 714 726 725
f 714 715 727 726
f 715 716 728 727
f 716 717 729 728
f 717 718 730 729
f 718 719 731 730
f 719 720 732 731
f 720 709 721 732
f 721 722 734 733
f 722 723 735 734
f 723 724 736 735
f 724 725 737 736
f 725 726 738 737
f 726 727 739 738
f 727 728 740 739
f 728 729 741 740
f 729 730 742 741
f 730 731 743 742
f 731 732 744 743
f 732 721 733 744
f 733 734 746 745
f 734 735 747 746
f 735 736 748 747
f 736 737 749 748
f 737 738 750 749
f 738 739 751 750
f 739 740 752 751
f 740 741 753 752
f 741 742 754 753
f 742 743 755 754
f 743 744 756 755
f 744 733 745 756
f 745 746 758 757
f 746 747 759 758
f 747 748 760 759
f 748 749 761 760
f 749 750 762 761
f 750 751 763 762
f 751 752 764 763
f 752 753 765 764
f 753 754 766 765
f 754 755 767 766
f 755 756 768 767
f 756 745 757 768
f 757 758 770 769
f 758 759 771 770
f 759 760 772 771
f 760 761 773 772
f 761 762 774 773
f 762 763 775 774
f 763 764 776 775
f 764 765 777 776
f 765 766 778 777
f 766 767 779 778
f 767 768 780 779
f 768 757 769 780
f 769 770 782 781
f 770 771 783 782
f 771 772 784 783
f 772 773 785 784
f 773 774 786 785
f 774 775 787 786
f 775 776 788 787
f 776 777 789 788
f 777 778 790 789
f 778 779 791 790
f 779 780 792 791
f 780 769 781 792
f 781 782 794 793
f 782 783 795 794
f 783 784 796 795
f 784 785 797 796
f 785 786 798 797
f 786 787 799 798
f 787 788 800 799
f 788 789 801 800
f 789 790 802 801
f 790 791 803 802
f 791 792 804 803
f 792 781 793 804
f 793 794 806 805
f 794 795 807 806
f 795 796 808 807
f 796 797 809 808
f 797 798 810 809
f 798 799 811 810
f 799 800 812 811
f 800 801 813 812
f 801 802 814 813
f 802 803 815 814
f 803 804 816 815
f 804 793 805 816
f 805 806 818 817
f 806 807 819 818
f 807 808 820 819
f 808 809 821 820
f 809 810 822 821
f 810 811 823 822
f 811 812 824 823
f 812 813 825 824
f 813 814 826 825
f 814 815 827 826
f 815 816 828 827
f 816 805 817 828
f 817 818 830 829
f 818 819 831 830
f 819 820 832 831
f 820 821 833 832
f 821 822 834 833
f 822 823 835 834
f 823 824 836 835
f 824 825 837 836
f 825 826 838 837
f 826 827 839 838
f 827 828 840 839
f 828 817 829 840
f 829 830 842 841
f 830 831 843 842
f 831 832 844 843
f 832 833 845 844
f 833 834 846 845
f 834 835 847 846
f 835 836 848 847
f 836 837 849 848
f 837 838 850 849
f 838 839 851 850
f 839 840 852 851
f 840 829 841 852
f 841 842 854 853
f 842 843 855 854
f 843 844 856 855
f 844 845 857 856
f 845 846 858 857
f 846 847 859 858
f 847 848 860 859
f 848 849 861 860
f 849 850 862 861
f 850 851 863 862
f 851 852 864 863
f 852 841 853 864
f 853 854 866 865
f 854 855 867 866
f 855 856 868 867
f 856 857 869 868
f 857 858 870 869
f 858 859 871 870
f 859 860 872 871
f 860 861 873 872
f 861 862 874 873
f 862 863 875 874
f 863 864 876 875
f 864 853 865 876
f 865 866 878 877
f 866 867 879 878
f 867 868 880 879
f 868 869 881 880
f 869 870 882 881
f 870 871 883 882
f 871 872 884 883
f 872 873 885 884
f 873 874 886 885
f 874 875 887 886
f 875 876 888 887
f 876 865 877 888
f 877 878 890 889
f 878 879 891 890
f 879 880 892 891
f 880 881 893 892
f 881 882 894 893
f 882 883 895 894
f 883 884 896 895
f 884 885 897 896
f 885 886 898 897
f 886 887 899 898
f 887 888 900 899
f 888 877 889 900
f 889 890 902 901
f 890 891 903 902
f 891 892 904 903
f 892 893 905 904
f 893 894 906 905
f 894 895 907 906
f 895 896 908 907
f 896 897 909 908
f 897 898 910 909
f 898 899 911 910
f 899 900 912 911
f 900 889 901 912
f 901 902 914 913
f 902 903 915 914
f 903 904 916 915
f 904 905 917 916
f 905 906 918 917
f 906 907 919 918
f 907 908 920 919
f 908 909 921 920
f 909 910 922 921
f 910 911 923 922
f 911 912 924 923
f 912 901 913 924
f 913 914 926 925
f 914 915 927 926
f 915 916 928 927
f 916 917 929 928
f 917 918 930 929
f 918 919 931 930
f 919 920 932 931
f 920 921 933 932
f 921 922 934 933
f 922 923 935 934
f 923 924 936 935
f 924 913 925 936
f 925 926 938 937
f 926 927 939 938
f 927 928 940 939
f 928 929 941 940
f 929 930 942 941
f 930 931 943 942
f 931 932 944 943
f 932 933 945 944
f 933 934 946 945
f 934 935 947 946
f 935 936 948 947
f 936 925 937 948
f 937 938 950 949
f 938 939 951 950
f 939 940 952 951
f 940 941 953 952
f 941 942 954 953
f 942 943 955 954
f 943 944 956 955
f 944 945 957 956
f 945 946 958 957
f 946 947 959 958
f 947 948 960 959
f 948 937 949 960
f 949 950 962 961
f 950 951 963 962
f 951 952 964 963
f 952 953 965 964
f 953 954 966 965
f 954 955 967 966
f 955 956 968 967
f 956 957 969 968
f 957 958 970 969
f 958 959 971 970
f 959 960 972 971
f 960 949 961 972
f 961 962 974 973
f 962 963 975 974
f 963 964 976 975
f 964 965 977 976
f 965 966 978 977
f 966 967 979 978
f 967 968 980 979
f 968 969 981 980
f 969 970 982 981
f 970 971 983 982
f 971 972 984 983
f 972 961 973 984
f 973 974 986 985
f 974 975 987 986
f 975 976 988 987
f 976 977 989 988
f 977 978 990 989
f 978 979 991 990
f 979 980 992 991
f 980 981 993 992
f 981 982 994 993
f 982 983 995 994
f 983 984 996 995
f 984 973 985 996
f 985 986 998 997
f 986 987 999 998
f 987 988 1000 999
f 988 989 1001 1000
f 989 990 1002 1001
f 990 991 1003 1002
f 991 992 1004 1003
f 992 993 1005 1004
f 993 994 1006 1005
f 994 995 1007 1006
f 995 996 1008 1007
f 996 985 997 1008
f 997 998 1010 1009
f 998 999 1011 1010
f 999 1000 1012 1011
f 1000 1001 1013 1012
f 1001 1002 1014 1013
f 1002 1003 1015 1014
f 1003 1004 1016 1015
f 1004 1005 1017 1016
f 1005 1006 1018 1017
f 1006 1007 1019 1018
f 1007 1008 1020 1019
f 1008 997 1009 1020
f 1009 1010 1022 1021
f 1010 1011 1023 1022
f 1011 1012 1024 1023
f 1012 1013 1025 1024
f 1013 1014 1026 1025
f 1014 1015 1027 1026
f 1015 1016 1028 1027
f 1016 1017 1029 1028
f 1017 1018 1030 1029
f 1018 1019 1031 1030
f 1019 1020 1032 1031
f 1020 1009 1021 1032
f 1021 1022 1034 1033
f 1022 1023 1035 1034
f 1023 1024 1036 1035
f 1024 1025 1037 1036
f 1025 1026 1038 1037
f 1026 1027 1039 1038
f 1027 1028 1040 1039
f 1028 1029 1041 1040
f 1029 1030 1042 1041
f 1030 1031 1043 1042
f 1031 1032 1044 1043
f 1032 1021 1033 1044
f 1033 1034 1046 1045
f 1034 1035 1047 1046
f 1035 1036 1048 1047
f 1036 1037 1049 1048
f 1037 1038 1050 1049
f 1038 1039 1051 1050
f 1039 1040 1052 1051
f 1040 1041 1053 1052
f 1041 1042 1054 1053
f 1042 1043 1055 1054
f 1043 1044 1056 1055
f 1044 1033 1045 1056
f 1045 1046 1058 1057
f 1046 1047 1059 1058
f 1047 1048 1060 1059
f 1048 1049 1061 1060
f 1049 1050 1062 1061
f 1050 1051 1063 1062
f 1051 1052 1064 1063
f 1052 1053 1065 1064
f 1053 1054 1066 1065
f 1054 1055 1067 1066
f 1055 1056 1068 1067
f 1056 1045 1057 1068
f 1057 1058 1070 1069
f 1058 1059 1071 1070
f 1059 1060 1072 1071
f 1060 1061 1073 1072
f 1061 1062 1074 1073
f 1062 1063 1075 1074
f 1063 1064 1076 1075
f 1064 1065 1077 1076
f 1065 1066 1078 1077
f 1066 1067 1079 1078
f 1067 1068 1080 1079
f 1068 1057 1069 1080
f 1069 1070 1082 1081
f 1070 1071 1083 1082
f 1071 1072 1084 1083
f 1072 1073 1085 1084
f 1073 1074 1086 1085
f 1074 1075 1087 1086
f 1075 1076 1088 1087
f 1076 1077 1089 1088
f 1077 1078 1090 1089
f 1078 1079 1091 1090
f 1079 1080 1092 1091
f 1080 1069 1081 1092
f 1081 1082 1094 1093
f 1082 1083 1095 1094
f 1083 1084 1096 1095
f 1084 1085 1097 1096
f 1085 1086 1098 1097
f 1086 1087 1099 1098
f 1087 1088 1100 1099
f 1088 1089 1101 1100
f 1089 1090 1102 1101
f 1090 1091 1103 1102
f 1091 1092 1104 1103
f 1092 1081 1093 1104
f 1093 1094 1106 1105
f 1094 1095 1107 1106
f 1095 1096 1108 1107
f 1096 1097 1109 1108
f 1097 1098 1110 1109
f 1098 1099 1111 1110
f 1099 1100 1112 1111
f 1100 1101 1113 1112
f 1101 1102 1114 1113
f 1102 1103 1115 1114
f 1103 1104 1116 1115
f 1104 1093 1105 1116
f 1105 1106 1118 1117
f 1106 1107 1119 1118
f 1107 1108 1120 1119
f 1108 1109 1121 1120
f 1109 1110 1122 1121
f 1110 1111 1123 1122
f 1111 1112 1124 1123
f 1112 1113 1125 1124
f 1113 1114 1126 1125
f 1114 1115 1127 1126
f 1115 1116 1128 1127
f 1116 1105 1117 1128
f 1117 1118 1130 1129
f 1118 1119 1131 1130
f 1119 1120 1132 1131
f 1120 1121 1133 1132
f 1121 1122 1134 1133
f 1122 1123 1135 1134
f 1123 1124 1136 1135
f 1124 1125 1137 1136
f 1125 1126 1138 1137
f 1126 1127 1139 1138
f 1127 1128 1140 1139
f 1128 1117 1129 1140
f 1129 1130 1142 1141
f 1130 1131 1143 1142
f 1131 1132 1144 1143
f 1132 1133 1145 1144
f 1133 1134 1146 1145
f 1134 1135 1147 1146
f 1135 1136 1148 1147
f 1136 1137 1149 1148
f 1137 1138 1150 1149
f 1138 1139 1151 1150
f 1139 1140 1152 1151
f 1140 1129 1141 1152
f 1141 1142 1154 1153
f 1142 1143 1155 1154
f 1143 1144 1156 1155
f 1144 1145 1157 1156
f 1145 1146 1158 1157
f 1146 1147 1159 1158
f 1147 1148 1160 1159
f 1148 1149 1161 1160
f 1149 1150 1162 1161
f 1150 1151 1163 1162
f 1151 1152 1164 1163
f 1152 1141 1153 1164
f 1153 1154 1166 1165
f 1154 1155 1167 1166
f 1155 1156 1168 1167
f 1156 1157 1169 1168
f 1157 1158 1170 1169
f 1158 1159 1171 1170
f 1159 1160 1172 1171
f 1160 1161 1173 1172
f 1161 1162 1174 1173
f 1162 1163 1175 1174
f 1163 1164 1176 1175
f 1164 1153 1165 1176
f 1165 1166 1178 1177
f 1166 1167 1179 1178
f 1167 1168 1180 1179
f 1168 1169 1181 1180
f 1169 1170 1182 1181
f 1170 1171 1183 1182
f 1171 1172 1184 1183
f 1172 1173 1185 1184
f 1173 1174 1186 1185
f 1174 1175 1187 1186
f 1175 1176 1188 1187
f 1176 1165 1177 1188
f 1177 1178 1190 1189
f 1178 1179 1191 1190
f 1179 1180 1192 1191
f 1180 1181 1193 1192
f 1181 1182 1194 1193
f 1182 1183 1195 1194
f 1183 1184 1196 1195
f 1184 1185 1197 1196
f 1185 1186 1198 1197
f 1186 1187 1199 1198
f 1187 1188 1200 1199
f 1188 1177 1189 1200
f 1189 1190 1202 1201
f 1190 1191 1203 1202
f 1191 1192 1204 1203
f 1192 1193 1205 1204
f 1193 1194 1206 1205
f 1194 1195 1207 1206
f 1195 1196 1208 1207
f 1196 1197 1209 1208
f 1197 1198 1210 1209
f 1198 1199 1211 1210
f 1199 1200 1212 1211
f 1200 1189 1201 1212
f 1201 1202 1214 1213
f 1202 1203 1215 1214
f 1203 1204 1216 1215
f 1204 1205 1217 1216
f 1205 1206 1218 1217
f 1206 1207 1219 1218
f 1207 1208 1220 1219
f 1208 1209 1221 1220
f 1209 1210 1222 1221
f 1210 1211 1223 1222
f 1211 1212 1224 1223
f 1212 1201 1213 1224
f 1213 1214 1226 1225
f 1214 1215 1227 1226
f 1215 1216 1228 1227
f 1216 1217 1229 1228
f 1217 1218 1230 1229
f 1218 1219 1231 1230
f 1219 1220 1232 1231
f 1220 1221 1233 1232
f 1221 1222 1234 1233
f 1222 1223 1235 1234
f 1223 1224 1236 1235
f 1224 1213 1225 1236
f 1225 1226 1238 1237
f 1226 1227 1239 1238
f 1227 1228 1240 1239
f 1228 1229 1241 1240
f 1229 1230 1242 1241
f 1230 1231 1243 1242
f 1231 1232 1244 1243
f 1232 1233 1245 1244
f 1233 1234 1246 1245
f 1234 1235 1247 1246
f 1235 1236 1248 1247
f 1236 1225 1237 1248
f 1237 1238 1250 1249
f 1238 1239 1251 1250
f 1239 1240 1252 1251
f 1240 1241 1253 1252
f 1241 1242 1254 1253
f 1242 1243 1255 1254
f 1243 1244 1256 1255
f 1244 1245 1257 1256
f 1245 1246 1258 1257
f 1246 1247 1259 1258
f 1247 1248 1260 1259
f 1248 1237 1249 1260
f 1249 1250 1262 1261
f 1250 1251 1263 1262
f 1251 1252 1264 1263
f 1252 1253 1265 1264
f 1253 1254 1266 1265
f 1254 1255 1267 1266
f 1255 1256 1268 1267
f 1256 1257 1269 1268
f 1257 1258 1270 1269
f 1258 1259 1271 1270
f 1259 1260 1272 1271
f 1260 1249 1261 1272
f 1261 1262 1274 1273
f 1262 1263 1275 1274
f 1263 1264 1276 1275
f 1264 1265 1277 1276
f 1265 1266 1278 1277
f 1266 1267 1279 1278
f 1267 1268 1280 1279
f 1268 1269 1281 1280
f 1269 1270 1282 1281
f 1270 1271 1283 1282
f 1271 1272 1284 1283
f 1272 1261 1273 1284
f 1273 1274 1286 1285
f 1274 1275 1287 1286
f 1275 1276 1288 1287
f 1276 1277 1289 1288
f 1277 1278 1290 1289
f 1278 1279 1291 1290
f 1279 1280 1292 1291
f 1280 1281 1293 1292
f 1281 1282 1294 1293
f 1282 1283 1295 1294
f 1283 1284 1296 1295
f 1284 1273 1285 1296
f 1285 1286 1298 1297
f 1286 1287 1299 1298
f 1287 1288 1300 1299
f 1288 1289 1301 1300
f 1289 1290 1302 1301
f 1290 1291 1303 1302
f 1291 1292 1304 1303
f 1292 1293 1305 1304
f 1293 1294 1306 1305
f 1294 1295 1307 1306
f 1295 1296 1308 1307
f 1296 1285 1297 1308
f 1297 1298 1310 1309
f 1298 1299 1311 1310
f 1299 1300 1312 1311
f 1300 1301 1313 1312
f 1301 1302 1314 1313
f 1302 1303 1315 1314
f 1303 1304 1316 1315
f 1304 1305 1317 1316
f 1305 1306 1318 1317
f 1306 1307 1319 1318
f 1307 1308 1320 1319
f 1308 1297 1309 1320
f 1309 1310 1322 1321
f 1310 1311 1323 1322
f 1311 1312 1324 1323
f 1312 1313 1325 1324
f 1313 1314 1326 1325
f 1314 1315 1327 1326
f 1315 1316 1328 1327
f 1316 1317 1329 1328
f 1317 1318 1330 1329
f 1318 1319 1331 1330
f 1319 1320 1332 1331
f 1320 1309 1321 1332
f 1321 1322 1334 1333
f 1322 1323 1335 1334
f 1323 1324 1336 1335
f 1324 1325 1337 1336
f 1325 1326 1338 1337
f 1326 1327 1339 1338
f 1327 1328 1340 1339
f 1328 1329 1341 1340
f 1329 1330 1342 1341
f 1330 1331 1343 1342
f 1331 1332 1344 1343
f 1332 1321 1333 1344
f 1333 1334 1346 1345
f 1334 1335 1347 1346
f 1335 1336 1348 1347
f 1336 1337 1349 1348
f 1337 1338 1350 1349
f 1338 1339 1351 1350
f 1339 1340 1352 1351
f 1340 1341 1353 1352
f 1341 1342 1354 1353
f 1342 1343 1355 1354
f 1343 1344 1356 1355
f 1344 1333 1345 1356
f 1345 1346 1358 1357
f 1346 1347 1359 1358
f 1347 1348 1360 1359
f 1348 1349 1361 1360
f 1349 1350 1362 1361
f 1350 1351 1363 1362
f 1351 1352 1364 1363
f 1352 1353 1365 1364
f 1353 1354 1366 1365
f 1354 1355 1367 1366
f 1355 1356 1368 1367
f 1356 1345 1357 1368
f 1357 1358 1370 1369
f 1358 1359 1371 1370
f 1359 1360 1372 1371
f 1360 1361 1373 1372
f 1361 1362 1374 1373
f 1362 1363 1375 1374
f 1363 1364 1376 1375
f 1364 1365 1377 1376
f 1365 1366 1378 1377
f 1366 1367 1379 1378
f 1367 1368 1380 1379
f 1368 1357 1369 1380
f 1369 1370 1382 1381
f 1370 1371 1383 1382
f 1371 1372 1384 1383
f 1372 1373 1385 1384
f 1373 1374 1386 1385
f 1374 1375 1387 1386
f 1375 1376 1388 1387
f 1376 1377 1389 1388
f 1377 1378 1390 1389
f 1378 1379 1391 1390
f 1379 1380 1392 1391
f 1380 1369 1381 1392
f 1381 1382 1394 1393
f 1382 1383 1395 1394
f 1383 1384 1396 1395
f 1384 1385 1397 1396
f 1385 1386 1398 1397
f 1386 1387 1399 1398
f 1387 1388 1400 1399
f 1388 1389 1401 1400
f 1389 1390 1402 1401
f 1390 1391 1403 1402
f 1391 1392 1404 1403
f 1392 1381 1393 1404
f 1393 1394 1406 1405
f 1394 1395 1407 1406
f 1395 1396 1408 1407
f 1396 1397 1409 1408
f 1397 1398 1410 1409
f 1398 1399 1411 1410
f 1399 1400 1412 1411
f 1400 1401 1413 1412
f 1401 1402 1414 1413
f 1402 1403 1415 1414
f 1403 1404 1416 1415
f 1404 1393 1405 1416
f 1405 1406 1418 1417
f 1406 1407 1419 1418
f 1407 1408 1420 1419
f 1408 1409 1421 1420
f 1409 1410 1422 1421
f 1410 1411 1423 1422
f 1411 1412 1424 1423
f 1412 1413 1425 1424
f 1413 1414 1426 1425
f 1414 1415 1427 1426
f 1415 1416 1428 1427
f 1416 1405 1417 1428
f 1417 1418 1430 1429
f 1418 1419 1431 1430
f 1419 1420 1432 1431
f 1420 1421 1433 1432
f 1421 1422 1434 1433
f 1422 1423 1435 1434
f 1423 1424 1436 1435
f 1424 1425 1437 1436
f 1425 1426 1438 1437
f 1426 1427 1439 1438
f 1427 1428 1440 1439
f 1428 1417 1429 1440
f 1429 1430 1442 1441
f 1430 1431 1443 1442
f 1431 1432 1444 1443
f 1432 1433 1445 1444
f 1433 1434 1446 1445
f 1434 1435 1447 1446
f 1435 1436 1448 1447
f 1436 1437 1449 1448
f 1437 1438 1450 1449
f 1438 1439 1451 1450
f 1439 1440 1452 1451
f 1440 1429 1441 1452
f 1441 1442 1454 1453
f 1442 1443 1455 1454
f 1443 1444 1456 1455
f 1444 1445 1457 1456
f 1445 1446 1458 1457
f 1446 1447 1459 1458
f 1447 1448 1460 1459
f 1448 1449 1461 1460
f 1449 1450 1462 1461
f 1450 1451 1463 1462
f 1451 1452 1464 1463
f 1452 1441 1453 1464
f 1453 1454 1466 1465
f 1454 1455 1467 1466
f 1455 1456 1468 1467
f 1456 1457 1469 1468
f 1457 1458 1470 1469
f 1458 1459 1471 1470
f 1459 1460 1472 1471
f 1460 1461 1473 1472
f 1461 1462 1474 1473
f 1462 1463 1475 1474
f 1463 1464 1476 1475
f 1464 1453 1465 1476
f 1465 1466 1478 1477
f 1466 1467 1479 1478
f 1467 1468 1480 1479
f 1468 1469 1481 1480
f 1469 1470 1482 1481
f 1470 1471 1483 1482
f 1471 1472 1484 1483
f 1472 1473 1485 1484
f 1473 1474 1486 1485
f 1474 1475 1487 1486
f 1475 1476 1488 1487
f 1476 1465 1477 1488
f 1477 1478 1490 1489
f 1478 1479 1491 1490
f 1479 1480 1492 1491
f 1480 1481 1493 1492
f 1481 1482 1494 1493
f 1482 1483 1495 1494
f 1483 1484 1496 1495
f 1484 1485 1497 1496
f 1485 1486 1498 1497
f 1486 1487 1499 1498
f 1487 1488 1500 1499
f 1488 1477 1489 1500
f 1489 1490 1502 1501
f 1490 1491 1503 1502
f 1491 1492 1504 1503
f 1492 1493 1505 1504
f 1493 1494 1506 1505
f 1494 1495 1507 1506
f 1495 1496 1508 1507
f 1496 1497 1509 1508
f 1497 1498 1510 1509
f 1498 1499 1511 1510
f 1499 1500 1512 1511
f 1500 1489 1501 1512
f 1501 1502 1514 1513
f 1502 1503 1515 1514
f 1503 1504 1516 1515
f 1504 1505 1517 1516
f 1505 1506 1518 1517
f 1506 1507 1519 1518
f 1507 1508 1520 1519
f 1508 1509 1521 1520
f 1509 1510 1522 1521
f 1510 1511 1523 1522
f 1511 1512 1524 1523
f 1512 1501 1513 1524
f 1513 1514 1526 1525
f 1514 1515 1527 1526
f 1515 1516 1528 1527
f 1516 1517 1529 1528
f 1517 1518 1530 1529
f 1518 1519 1531 1530
f 1519 1520 1532 1531
f 1520 1521 1533 1532
f 1521 1522 1534 1533
f 1522 1523 1535 1534
f 1523 1524 1536 1535
f 1524 1513 1525 1536
f 1525 1526 1538 1537
f 1526 1527 1539 1538
f 1527 1528 1540 1539
f 1528 1529 1541 1540
f 1529 1530 1542 1541
f 1530 1531 1543 1542
f 1531 1532 1544 1543
f 1532 1533 1545 1544
f 1533 1534 1546 1545
f 1534 1535 1547 1546
f 1535 1536 1548 1547
f 1536 1525 1537 1548
f 1537 1538 1550 1549
f 1538 1539 1551 1550
f 1539 1540 1552 1551
f 1540 1541 1553 1552
f 1541 1542 1554 1553
f 1542 1543 1555 1554
f 1543 1544 1556 1555
f 1544 1545 1557 1556
f 1545 1546 1558 1557
f 1546 1547 1559 1558
f 1547 1548 1560 1559
f 1548 1537 1549 1560
f 1549 1550 1562 1561
f 1550 1551 1563 1562
f 1551 1552 1564 1563
f 1552 1553 1565 1564
f 1553 1554 1566 1565
f 1554 1555 1567 1566
f 1555 1556 1568 1567
f 1556 1557 1569 1568
f 1557 1558 1570 1569
f 1558 1559 1571 1570
f 1559 1560 1572 1571
f 1560 1549 1561 1572
f 1561 1562 1574 1573
f 1562 1563 1575 1574
f 1563 1564 1576 1575
f 1564 1565 1577 1576
f 1565 1566 1578 1577
f 1566 1567 1579 1578
f 1567 1568 1580 1579
f 1568 1569 1581 1580
f 1569 1570 1582 1581
f 1570 1571 1583 1582
f 1571 1572 1584 1583
f 1572 1561 1573 1584
f 1573 1574 1586 1585
f 1574 1575 1587 1586
f 1575 1576 1588 1587
f 1576 1577 1589 1588
f 1577 1578 1590 1589
f 1578 1579 1591 1590
f 1579 1580 1592 1591
f 1580 1581 1593 1592
f 1581 1582 1594 1593
f 1582 1583 1595 1594
f 1583 1584 1596 1595
f 1584 1573 1585 1596
f 1585 1586 1598 1597
f 1586 1587 1599 1598
f 1587 1588 1600 1599
f 1588 1589 1601 1600
f 1589 1590 1602 1601
f 1590 1591 1603 1602
f 1591 1592 1604 1603
f 1592 1593 1605 1604
f 1593 1594 1606 1605
f 1594 1595 1607 1606
f 1595 1596 1608 1607
f 1596 1585 1597 1608
f 1597 1598 1610 1609
f 1598 1599 1611 1610
f 1599 1600 1612 1611
f 1600 1601 1613 1612
f 1601 1602 1614 1613
f 1602 1603 1615 1614
f 1603 1604 1616 1615
f 1604 1605 1617 1616
f 1605 1606 1618 1617
f 1606 1607 1619 1618
f 1607 1608 1620 1619
f 1608 1597 1609 1620
f 1609 1610 1622 1621
f 1610 1611 1623 1622
f 1611 1612 1624 1623
f 1612 1613 1625 1624
f 1613 1614 1626 1625
f 1614 1615 1627 1626
f 1615 1616 1628 1627
f 1616 1617 1629 1628
f 1617 1618 1630 1629
f 1618 1619 1631 1630
f 1619 1620 1632 1631
f 1620 1609 1621 1632
f 1621 1622 1634 1633
f 1622 1623 1635 1634
f 1623 1624 1636 1635
f 1624 1625 1637 1636
f 1625 1626 1638 1637
f 1626 1627 1639 1638
f 1627 1628 1640 1639
f 1628 1629 1641 1640
f 1629 1630 1642 1641
f 1630 1631 1643 1642
f 1631 1632 1644 1643
f 1632 1621 1633 1644
f 1633 1634 1646 1645
f 1634 1635 1647 1646
f 1635 1636 1648 1647
f 1636 1637 1649 1648
f 1637 1638 1650 1649
f 1638 1639 1651 1650
f 1639 1640 1652 1651
f 1640 1641 1653 1652
f 1641 1642 1654 1653
f 1642 1643 1655 1654
f 1643 1644 1656 1655
f 1644 1633 1645 1656
f 1645 1646 1658 1657
f 1646 1647 1659 1658
f 1647 1648 1660 1659
f 1648 1649 1661 1660
f 1649 1650 1662 1661
f 1650 1651 1663 1662
f 1651 1652 1664 1663
f 1652 1653 1665 1664
f 1653 1654 1666 1665
f 1654 1655 1667 1666
f 1655 1656 1668 1667
f 1656 1645 1657 1668
f 1657 1658 1670 1669
f 1658 1659 1671 1670
f 1659 1660 1672 1671
f 1660 1661 1673 1672
f 1661 1662 1674 1673
f 1662 1663 1675 1674
f 1663 1664 1676 1675
f 1664 1665 1677 1676
f 1665 1666 1678 1677
f 1666 1667 1679 1678
f 1667 1668 1680 1679
f 1668 1657 1669 1680
f 1669 1670 1682 1681
f 1670 1671 1683 1682
f 1671 1672 1684 1683
f 1672 1673 1685 1684
f 1673 1674 1686 1685
f 1674 1675 1687 1686
f 1675 1676 1688 1687
f 1676 1677 1689 1688
f 1677 1678 1690 1689
f 1678 1679 1691 1690
f 1679 1680 1692 1691
f 1680 1669 1681 1692
f 1681 1682 1694 1693
f 1682 1683 1695 1694
f 1683 1684 1696 1695
f 1684 1685 1697 1696
f 1685 1686 1698 1697
f 1686 1687 1699 1698
f 1687 1688 1700 1699
f 1688 1689 1701 1700
f 1689 1690 1702 1701
f 1690 1691 1703 1702
f 1691 1692 1704 1703
f 1692 1681 1693 1704
f 1693 1694 1706 1705
f 1694 1695 1707 1706
f 1695 1696 1708 1707
f 1696 1697 1709 1708
f 1697 1698 1710 1709
f 1698 1699 1711 1710
f 1699 1700 1712 1711
f 1700 1701 1713 1712
f 1701 1702 1714 1713
f 1702 1703 1715 1714
f 1703 1704 1716 1715
f 1704 1693 1705 1716
f 1705 1706 1718 1717
f 1706 1707 1719 1718
f 1707 1708 1720 1719
f 1708 1709 1721 1720
f 1709 1710 1722 1721
f 1710 1711 1723 1722
f 1711 1712 1724 1723
f 1712 1713 1725 1724
f 1713 1714 1726 1725
f 1714 1715 1727 1726
f 1715 1716 1728 1727
f 1716 1705 1717 1728
f 1717 1718 1730 1729
f 1718 1719 1731 1730
f 1719 1720 1732 1731
f 1720 1721 1733 1732
f 1721 1722 1734 1733
f 1722 1723 1735 1734
f 1723 1724 1736 1735
f 1724 1725 1737 1736
f 1725 1726 1738 1737
f 1726 1727 1739 1738
f 1727 1728 1740 1739
f 1728 1717 1729 1740
f 1729 1730 1742 1741
f 1730 1731 1743 1742
f 1731 1732 1744 1743
f 1732 1733 1745 1744
f 1733 1734 1746 1745
f 1734 1735 1747 1746
f 1735 1736 1748 1747
f 1736 1737 1749 1748
f 1737 1738 1750 1749
f 1738 1739 1751 1750
f 1739 1740 1752 1751
f 1740 1729 1741 1752
f 1741 1742 1754 1753
f 1742 1743 1755 1754
f 1743 1744 1756 1755
f 1744 1745 1757 1756
f 1745 1746 1758 1757
f 1746 1747 1759 1758
f 1747 1748 1760 1759
f 1748 1749 1761 1760
f 1749 1750 1762 1761
f 1750 1751 1763 1762
f 1751 1752 1764 1763
f 1752 1741 1753 1764
f 1753 1754 1766 1765
f 1754 1755 1767 1766
f 1755 1756 1768 1767
f 1756 1757 1769 1768
f 1757 1758 1770 1769
f 1758 1759 1771 1770
f 1759 1760 1772 1771
f 1760 1761 1773 1772
f 1761 1762 1774 1773
f 1762 1763 1775 1774
f 1763 1764 1776 1775
f 1764 1753 1765 1776
f 1765 1766 1778 1777
f 1766 1767 1779 1778
f 1767 1768 1780 1779
f 1768 1769 1781 1780
f 1769 1770 1782 1781
f 1770 1771 1783 1782
f 1771 1772 1784 1783
f 1772 1773 1785 1784
f 1773 1774 1786 1785
f 1774 1775 1787 1786
f 1775 1776 1788 1787
f 1776 1765 1777 1788
f 1777 1778 1790 1789
f 1778 1779 1791 1790
f 1779 1780 1792 1791
f 1780 1781 1793 1792
f 1781 1782 1794 1793
f 1782 1783 1795 1794
f 1783 1784 1796 1795
f 1784 1785 1797 1796
f 1785 1786 1798 1797
f 1786 1787 1799 1798
f 1787 1788 1800 1799
f 1788 1777 1789 1800
f 1789 1790 1802 1801
f 1790 1791 1803 1802
f 1791 1792 1804 1803
f 1792 1793 1805 1804
f 1793 1794 1806 1805
f 1794 1795 1807 1806
f 1795 1796 1808 1807
f 1796 1797 1809 1808
f 1797 1798 1810 1809
f 1798 1799 1811 1810
f 1799 1800 1812 1811
f 1800 1789 1801 1812
f 1801 1802 1814 1813
f 1802 1803 1815 1814
f 1803 1804 1816 1815
f 1804 1805 1817 1816
f 1805 1806 1818 1817
f 1806 1807 1819 1818
f 1807 1808 1820 1819
f 1808 1809 1821 1820
f 1809 1810 1822 1821
f 1810 1811 1823 1822
f 1811 1812 1824 1823
f 1812 1801 1813 1824
f 1813 1814 1826 1825
f 1814 1815 1827 1826
f 1815 1816 1828 1827
f 1816 1817 1829 1828
f 1817 1818 1830 1829
f 1818 1819 1831 1830
f 1819 1820 1832 1831
f 1820 1821 1833 1832
f 1821 1822 1834 1833
f 1822 1823 1835 1834
f 1823 1824 1836 1835
f 1824 1813 1825 1836
f 1825 1826 1838 1837
f 1826 1827 1839 1838
f 1827 1828 1840 1839
f 1828 1829 1841 1840
f 1829 1830 1842 1841
f 1830 1831 1843 1842
f 1831 1832 1844 1843
f 1832 1833 1845 1844
f 1833 1834 1846 1845
f 1834 1835 1847 1846
f 1835 1836 1848 1847
f 1836 1825 1837 1848
f 1837 1838 1850 1849
f 1838 1839 1851 1850
f 1839 1840 1852 1851
f 1840 1841 1853 1852
f 1841 1842 1854 1853
f 1842 1843 1855 1854
f 1843 1844 1856 1855
f 1844 1845 1857 1856
f 1845 1846 1858 1857
f 1846 1847 1859 1858
f 1847 1848 1860 1859
f 1848 1837 1849 1860
f 1849 1850 1862 1861
f 1850 1851 1863 1862
f 1851 1852 1864 1863
f 1852 1853 1865 1864
f 1853 1854 1866 1865
f 1854 1855 1867 1866
f 1855 1856 1868 1867
f 1856 1857 1869 1868
f 1857 1858 1870 1869
f 1858 1859 1871 1870
f 1859 1860 1872 1871
f 1860 1849 1861 1872
f 1861 1862 1874 1873
f 1862 1863 1875 1874
f 1863 1864 1876 1875
f 1864 1865 1877 1876
f 1865 1866 1878 1877
f 1866 1867 1879 1878
f 1867 1868 1880 1879
f 1868 1869 1881 1880
f 1869 1870 1882 1881
f 1870 1871 1883 1882
f 1871 1872 1884 1883
f 1872 1861 1873 1884
f 1873 1874 1886 1885
f 1874 1875 1887 1886
f 1875 1876 1888 1887
f 1876 1877 1889 1888
f 1877 1878 1890 1889
f 1878 1879 1891 1890
f 1879 1880 1892 1891
f 1880 1881 1893 1892
f 1881 1882 1894 1893
f 1882 1883 1895 1894
f 1883 1884 1896 1895
f 1884 1873 1885 1896
f 1885 1886 1898 1897
f 1886 1887 1899 1898
f 1887 1888 1900 1899
f 1888 1889 1901 1900
f 1889 1890 1902 1901
f 1890 1891 1903 1902
f 1891 1892 1904 1903
f 1892 1893 1905 1904
f 1893 1894 1906 1905
f 1894 1895 1907 1906
f 1895 1896 1908 1907
f 1896 1885 1897 1908
f 1897 1898 1910 1909
f 1898 1899 1911 1910
f 1899 1900 1912 1911
f 1900 1901 1913 1912
f 1901 1902 1914 1913
f 1902 1903 1915 1914
f 1903 1904 1916 1915
f 1904 1905 1917 1916
f 1905 1906 1918 1917
f 1906 1907 1919 1918
f 1907 1908 1920 1919
f 1908 1897 1909 1920
f 1909 1910 1922 1921
f 1910 1911 1923 1922
f 1911 1912 1924 1923
f 1912 1913 1925 1924
f 1913 1914 1926 1925
f 1914 1915 1927 1926
f 1915 1916 1928 1927
f 1916 1917 1929 1928
f 1917 1918 1930 1929
f 1918 1919 1931 1930
f 1919 1920 1932 1931
f 1920 1909 1921 1932
f 1921 1922 1934 1933
f 1922 1923 1935 1934
f 1923 1924 1936 1935
f 1924 1925 1937 1936
f 1925 1926 1938 1937
f 1926 1927 1939 1938
f 1927 1928 1940 1939
f 1928 1929 1941 1940
f 1929 1930 1942 1941
f 1930 1931 1943 1942
f 1931 1932 1944 1943
f 1932 1921 1933 1944
f 1933 1934 1946 1945
f 1934 1935 1947 1946
f 1935 1936 1948 1947
f 1936 1937 1949 1948
f 1937 1938 1950 1949
f 1938 1939 1951 1950
f 1939 1940 1952 1951
f 1940 1941 1953 1952
f 1941 1942 1954 1953
f 1942 1943 1955 1954
f 1943 1944 1956 1955
f 1944 1933 1945 1956
f 1945 1946 1958 1957
f 1946 1947 1959 1958
f 1947 1948 1960 1959
f 1948 1949 1961 1960
f 1949 1950 1962 1961
f 1950 1951 1963 1962
f 1951 1952 1964 1963
f 1952 1953 1965 1964
f 1953 1954 1966 1965
f 1954 1955 1967 1966
f 1955 1956 1968 1967
f 1956 1945 1957 1968
f 1957 1958 1970 1969
f 1958 1959 1971 1970
f 1959 1960 1972 1971
f 1960 1961 1973 1972
f 1961 1962 1974 1973
f 1962 1963 1975 1974
f 1963 1964 1976 1975
f 1964 1965 1977 1976
f 1965 1966 1978 1977
f 1966 1967 1979 1978
f 1967 1968 1980 1979
f 1968 1957 1969 1980
f 1969 1970 1982 1981
f 1970 1971 1983 1982
f 1971 1972 1984 1983
f 1972 1973 1985 1984
f 1973 1974 1986 1985
f 1974 1975 1987 1986
f 1975 1976 1988 1987
f 1976 1977 1989 1988
f 1977 1978 1990 1989
f 1978 1979 1991 1990
f 1979 1980 1992 1991
f 1980 1969 1981 1992
f 1981 1982 1994 1993
f 1982 1983 1995 1994
f 1983 1984 1996 1995
f 1984 1985 1997 1996
f 1985 1986 1998 1997
f 1986 1987 1999 1998
f 1987 1988 2000 1999
f 1988 1989 2001 2000
f 1989 1990 2002 2001
f 1990 1991 2003 2002
f 1991 1992 2004 2003
f 1992 1981 1993 2004
f 1993 1994 2006 2005
f 1994 1995 2007 2006
f 1995 1996 2008 2007
f 1996 1997 2009 2008
f 1997 1998 2010 2009
f 1998 1999 2011 2010
f 1999 2000 2012 2011
f 2000 2001 2013 2012
f 2001 2002 2014 2013
f 2002 2003 2015 2014
f 2003 2004 2016 2015
f 2004 1993 2005 2016
f 2005 2006 2018 2017
f 2006 2007 2019 2018
f 2007 2008 2020 2019
f 2008 2009 2021 2020
f 2009 2010 2022 2021
f 2010 2011 2023 2022
f 2011 2012 2024 2023
f 2012 2013 2025 2024
f 2013 2014 2026 2025
f 2014 2015 2027 2026
f 2015 2016 2028 2027
f 2016 2005 2017 2028
f 2017 2018 2030 2029
f 2018 2019 2031 2030
f 2019 2020 2032 2031
f 2020 2021 2033 2032
f 2021 2022 2034 2033
f 2022 2023 2035 2034
f 2023 2024 2036 2035
f 2024 2025 2037 2036
f 2025 2026 2038 2037
f 2026 2027 2039 2038
f 2027 2028 2040 2039
f 2028 2017 2029 2040
f 2029 2030 2042 2041
f 2030 2031 2043 2042
f 2031 2032 2044 2043
f 2032 2033 2045 2044
f 2033 2034 2046 2045
f 2034 2035 2047 2046
f 2035 2036 2048 2047
f 2036 2037 2049 2048
f 2037 2038 2050 2049
f 2038 2039 2051 2050
f 2039 2040 2052 2051
f 2040 2029 2041 2052
f 2041 2042 2054 2053
f 2042 2043 2055 2054
f 2043 2044 2056 2055
f 2044 2045 2057 2056
f 2045 2046 2058 2057
f 2046 2047 2059 2058
f 2047 2048 2060 2059
f 2048 2049 2061 2060
f 2049 2050 2062 2061
f 2050 2051 2063 2062
f 2051 2052 2064 2063
f 2052 2041 2053 2064
f 2053 2054 2066 2065
f 2054 2055 2067 2066
f 2055 2056 2068 2067
f 2056 2057 2069 2068
f 2057 2058 2070 2069
f 2058 2059 2071 2070
f 2059 2060 2072 2071
f 2060 2061 2073 2072
f 2061 2062 2074 2073
f 2062 2063 2075 2074
f 2063 2064 2076 2075
f 2064 2053 2065 2076
f 2065 2066 2078 2077
f 2066 2067 2079 2078
f 2067 2068 2080 2079
f 2068 2069 2081 2080
f 2069 2070 2082 2081
f 2070 2071 2083 2082
f 2071 2072 2084 2083
f 2072 2073 2085 2084
f 2073 2074 2086 2085
f 2074 2075 2087 2086
f 2075 2076 2088 2087
f 2076 2065 2077 2088
f 2077 2078 2090 2089
f 2078 2079 2091 2090
f 2079 2080 2092 2091
f 2080 2081 2093 2092
f 2081 2082 2094 2093
f 2082 2083 2095 2094
f 2083 2084 2096 2095
f 2084 2085 2097 2096
f 2085 2086 2098 2097
f 2086 2087 2099 2098
f 2087 2088 2100 2099
f 2088 2077 2089 2100
f 2089 2090 2102 2101
f 2090 2091 2103 2102
f 2091 2092 2104 2103
f 2092 2093 2105 2104
f 2093 2094 2106 2105
f 2094 2095 2107 2106
f 2095 2096 2108 2107
f 2096 2097 2109 2108
f 2097 2098 2110 2109
f 2098 2099 2111 2110
f 2099 2100 2112 2111
f 2100 2089 2101 2112
f 2101 2102 2114 2113
f 2102 2103 2115 2114
f 2103 2104 2116 2115
f 2104 2105 2117 2116
f 2105 2106 2118 2117
f 2106 2107 2119 2118
f 2107 2108 2120 2119
f 2108 2109 2121 2120
f 2109 2110 2122 2121
f 2110 2111 2123 2122
f 2111 2112 2124 2123
f 2112 2101 2113 2124
f 2113 2114 2126 2125
f 2114 2115 2127 2126
f 2115 2116 2128 2127
f 2116 2117 2129 2128
f 2117 2118 2130 2129
f 2118 2119 2131 2130
f 2119 2120 2132 2131
f 2120 2121 2133 2132
f 2121 2122 2134 2133
f 2122 2123 2135 2134
f 2123 2124 2136 2135
f 2124 2113 2125 2136
f 2125 2126 2138 2137
f 2126 2127 2139 2138
f 2127 2128 2140 2139
f 2128 2129 2141 2140
f 2129 2130 2142 2141
f 2130 2131 2143 2142
f 2131 2132 2144 2143
f 2132 2133 2145 2144
f 2133 2134 2146 2145
f 2134 2135 2147 2146
f 2135 2136 2148 2147
f 2136 2125 2137 2148
f 2137 2138 2150 2149
f 2138 2139 2151 2150
f 2139 2140 2152 2151
f 2140 2141 2153 2152
f 2141 2142 2154 2153
f 2142 2143 2155 2154
f 2143 2144 2156 2155
f 2144 2145 2157 2156
f 2145 2146 2158 2157
f 2146 2147 2159 2158
f 2147 2148 2160 2159
f 2148 2137 2149 2160
f 2149 2150 2162 2161
f 2150 2151 2163 2162
f 2151 2152 2164 2163
f 2152 2153 2165 2164
f 2153 2154 2166 2165
f 2154 2155 2167 2166
f 2155 2156 2168 2167
f 2156 2157 2169 2168
f 2157 2158 2170 2169
f 2158 2159 2171 2170
f 2159 2160 2172 2171
f 2160 2149 2161 2172
f 2161 2162 2174 2173
f 2162 2163 2175 2174
f 2163 2164 2176 2175
f 2164 2165 2177 2176
f 2165 2166 2178 2177
f 2166 2167 2179 2178
f 2167 2168 2180 2179
f 2168 2169 2181 2180
f 2169 2170 2182 2181
f 2170 2171 2183 2182
f 2171 2172 2184 2183
f 2172 2161 2173 2184
f 2173 2174 2186 2185
f 2174 2175 2187 2186
f 2175 2176 2188 2187
f 2176 2177 2189 2188
f 2177 2178 2190 2189
f 2178 2179 2191 2190
f 2179 2180 2192 2191
f 2180 2181 2193 2192
f 2181 2182 2194 2193
f 2182 2183 2195 2194
f 2183 2184 2196 2195
f 2184 2173 2185 2196
f 2185 2186 2198 2197
f 2186 2187 2199 2198
f 2187 2188 2200 2199
f 2188 2189 2201 2200
f 2189 2190 2202 2201
f 2190 2191 2203 2202
f 2191 2192 2204 2203
f 2192 2193 2205 2204
f 2193 2194 2206 2205
f 2194 2195 2207 2206
f 2195 2196 2208 2207
f 2196 2185 2197 2208
f 2197 2198 2210 2209
f 2198 2199 2211 2210
f 2199 2200 2212 2211
f 2200 2201 2213 2212
f 2201 2202 2214 2213
f 2202 2203 2215 2214
f 2203 2204 2216 2215
f 2204 2205 2217 2216
f 2205 2206 2218 2217
f 2206 2207 2219 2218
f 2207 2208 2220 2219
f 2208 2197 2209 2220
f 2209 2210 2222 2221
f 2210 2211 2223 2222
f 2211 2212 2224 2223
f 2212 2213 2225 2224
f 2213 2214 2226 2225
f 2214 2215 2227 2226
f 2215 2216 2228 2227
f 2216 2217 2229 2228
f 2217 2218 2230 2229
f 2218 2219 2231 2230
f 2219 2220 2232 2231
f 2220 2209 2221 2232
f 2221 2222 2234 2233
f 2222 2223 2235 2234
f 2223 2224 2236 2235
f 2224 2225 2237 2236
f 2225 2226 2238 2237
f 2226 2227 2239 2238
f 2227 2228 2240 2239
f 2228 2229 2241 2240
f 2229 2230 2242 2241
f 2230 2231 2243 2242
f 2231 2232 2244 2243
f 2232 2221 2233 2244
f 2233 2234 2246 2245
f 2234 2235 2247 2246
f 2235 2236 2248 2247
f 2236 2237 2249 2248
f 2237 2238 2250 2249
f 2238 2239 2251 2250
f 2239 2240 2252 2251
f 2240 2241 2253 2252
f 2241 2242 2254 2253
f 2242 2243 2255 2254
f 2243 2244 2256 2255
f 2244 2233 2245 2256
f 2245 2246 2258 2257
f 2246 2247 2259 2258
f 2247 2248 2260 2259
f 2248 2249 2261 2260
f 2249 2250 2262 2261
f 2250 2251 2263 2262
f 2251 2252 2264 2263
f 2252 2253 2265 2264
f 2253 2254 2266 2265
f 2254 2255 2267 2266
f 2255 2256 2268 2267
f 2256 2245 2257 2268
f 2257 2258 2270 2269
f 2258 2259 2271 2270
f 2259 2260 2272 2271
f 2260 2261 2273 2272
f 2261 2262 2274 2273
f 2262 2263 2275 2274
f 2263 2264 2276 2275
f 2264 2265 2277 2276
f 2265 2266 2278 2277
f 2266 2267 2279 2278
f 2267 2268 2280 2279
f 2268 2257 2269 2280
f 2269 2270 2282 2281
f 2270 2271 2283 2282
f 2271 2272 2284 2283
f 2272 2273 2285 2284
f 2273 2274 2286 2285
f 2274 2275 2287 2286
f 2275 2276 2288 2287
f 2276 2277 2289 2288
f 2277 2278 2290 2289
f 2278 2279 2291 2290
f 2279 2280 2292 2291
f 2280 2269 2281 2292
f 2281 2282 2294 2293
f 2282 2283 2295 2294
f 2283 2284 2296 2295
f 2284 2285 2297 2296
f 2285 2286 2298 2297
f 2286 2287 2299 2298
f 2287 2288 2300 2299
f 2288 2289 2301 2300
f 2289 2290 2302 2301
f 2290 2291 2303 2302
f 2291 2292 2304 2303
f 2292 2281 2293 2304
f 2293 2294 2306 2305
f 2294 2295 2307 2306
f 2295 2296 2308 2307
f 2296 2297 2309 2308
f 2297 2298 2310 2309
f 2298 2299 2311 2310
f 2299 2300 2312 2311
f 2300 2301 2313 2312
f 2301 2302 2314 2313
f 2302 2303 2315 2314
f 2303 2304 2316 2315
f 2304 2293 2305 2316
f 2305 2306 2318 2317
f 2306 2307 2319 2318
f 2307 2308 2320 2319
f 2308 2309 2321 2320
f 2309 2310 2322 2321
f 2310 2311 2323 2322
f 2311 2312 2324 2323
f 2312 2313 2325 2324
f 2313 2314 2326 2325
f 2314 2315 2327 2326
f 2315 2316 2328 2327
f 2316 2305 2317 2328
f 2317 2318 2330 2329
f 2318 2319 2331 2330
f 2319 2320 2332 2331
f 2320 2321 2333 2332
f 2321 2322 2334 2333
f 2322 2323 2335 2334
f 2323 2324 2336 2335
f 2324 2325 2337 2336
f 2325 2326 2338 2337
f 2326 2327 2339 2338
f 2327 2328 2340 2339
f 2328 2317 2329 2340
f 2329 2330 2342 2341
f 2330 2331 2343 2342
f 2331 2332 2344 2343
f 2332 2333 2345 2344
f 2333 2334 2346 2345
f 2334 2335 2347 2346
f 2335 2336 2348 2347
f 2336 2337 2349 2348
f 2337 2338 2350 2349
f 2338 2339 2351 2350
f 2339 2340 2352 2351
f 2340 2329 2341 2352
f 2341 2342 2354 2353
f 2342 2343 2355 2354
f 2343 2344 2356 2355
f 2344 2345 2357 2356
f 2345 2346 2358 2357
f 2346 2347 2359 2358
f 2347 2348 2360 2359
f 2348 2349 2361 2360
f 2349 2350 2362 2361
f 2350 2351 2363 2362
f 2351 2352 2364 2363
f 2352 2341 2353 2364
f 2353 2354 2366 2365
f 2354 2355 2367 2366
f 2355 2356 2368 2367
f 2356 2357 2369 2368
f 2357 2358 2370 2369
f 2358 2359 2371 2370
f 2359 2360 2372 2371
f 2360 2361 2373 2372
f 2361 2362 2374 2373
f 2362 2363 2375 2374
f 2363 2364 2376 2375
f 2364 2353 2365 2376
f 2365 2366 2378 2377
f 2366 2367 2379 2378
f 2367 2368 2380 2379
f 2368 2369 2381 2380
f 2369 2370 2382 2381
f 2370 2371 2383 2382
f 2371 2372 2384 2383
f 2372 2373 2385 2384
f 2373 2374 2386 2385
f 2374 2375 2387 2386
f 2375 2376 2388 2387
f 2376 2365 2377 2388
f 2377 2378 2390 2389
f 2378 2379 2391 2390
f 2379 2380 2392 2391
f 2380 2381 2393 2392
f 2381 2382 2394 2393
f 2382 2383 2395 2394
f 2383 2384 2396 2395
f 2384 2385 2397 2396
f 2385 2386 2398 2397
f 2386 2387 2399 2398
f 2387 2388 2400 2399
f 2388 2377 2389 2400
f 2389 2390 2402 2401
f 2390 2391 2403 2402
f 2391 2392 2404 2403
f 2392 2393 2405 2404
f 2393 2394 2406 2405
f 2394 2395 2407 2406
f 2395 2396 2408 2407
f 2396 2397 2409 2408
f 2397 2398 2410 2409
f 2398 2399 2411 2410
f 2399 2400 2412 2411
f 2400 2389 2401 2412
f 2401 2402 2414 2413
f 2402 2403 2415 2414
f 2403 2404 2416 2415
f 2404 2405 2417 2416
f 2405 2406 2418 2417
f 2406 2407 2419 2418
f 2407 2408 2420 2419
f 2408 2409 2421 2420
f 2409 2410 2422 2421
f 2410 2411 2423 2422
f 2411 2412 2424 2423
f 2412 2401 2413 2424
f 2413 2414 2426 2425
f 2414 2415 2427 2426
f 2415 2416 2428 2427
f 2416 2417 2429 2428
f 2417 2418 2430 2429
f 2418 2419 2431 2430
f 2419 2420 2432 2431
f 2420 2421 2433 2432
f 2421 2422 2434 2433
f 2422 2423 2435 2434
f 2423 2424 2436 2435
f 2424 2413 2425 2436
f 2425 2426 2438 2437
f 2426 2427 2439 2438
f 2427 2428 2440 2439
f 2428 2429 2441 2440
f 2429 2430 2442 2441
f 2430 2431 2443 2442
f 2431 2432 2444 2443
f 2432 2433 2445 2444
f 2433 2434 2446 2445
f 2434 2435 2447 2446
f 2435 2436 2448 2447
f 2436 2425 2437 2448
f 2437 2438 2450 2449
f 2438 2439 2451 2450
f 2439 2440 2452 2451
f 2440 2441 2453 2452
f 2441 2442 2454 2453
f 2442 2443 2455 2454
f 2443 2444 2456 2455
f 2444 2445 2457 2456
f 2445 2446 2458 2457
f 2446 2447 2459 2458
f 2447 2448 2460 2459
f 2448 2437 2449 2460
f 2449 2450 2462 2461
f 2450 2451 2463 2462
f 2451 2452 2464 2463
f 2452 2453 2465 2464
f 2453 2454 2466 2465
f 2454 2455 2467 2466
f 2455 2456 2468 2467
f 2456 2457 2469 2468
f 2457 2458 2470 2469
f 2458 2459 2471 2470
f 2459 2460 2472 2471
f 2460 2449 2461 2472
f 2461 2462 2474 2473
f 2462 2463 2475 2474
f 2463 2464 2476 2475
f 2464 2465 2477 2476
f 2465 2466 2478 2477
f 2466 2467 2479 2478
f 2467 2468 2480 2479
f 2468 2469 2481 2480
f 2469 2470 2482 2481
f 2470 2471 2483 2482
f 2471 2472 2484 2483
f 2472 2461 2473 2484
f 2473 2474 2486 2485
f 2474 2475 2487 2486
f 2475 2476 2488 2487
f 2476 2477 2489 2488
f 2477 2478 2490 2489
f 2478 2479 2491 2490
f 2479 2480 2492 2491
f 2480 2481 2493 2492
f 2481 2482 2494 2493
f 2482 2483 2495 2494
f 2483 2484 2496 2495
f 2484 2473 2485 2496
f 2485 2486 2498 2497
f 2486 2487 2499 2498
f 2487 2488 2500 2499
f 2488 2489 2501 2500
f 2489 2490 2502 2501
f 2490 2491 2503 2502
f 2491 2492 2504 2503
f 2492 2493 2505 2504
f 2493 2494 2506 2505
f 2494 2495 2507 2506
f 2495 2496 2508 2507
f 2496 2485 2497 2508
f 2497 2498 2510 2509
f 2498 2499 2511 2510
f 2499 2500 2512 2511
f 2500 2501 2513 2512
f 2501 2502 2514 2513
f 2502 2503 2515 2514
f 2503 2504 2516 2515
f 2504 2505 2517 2516
f 2505 2506 2518 2517
f 2506 2507 2519 2518
f 2507 2508 2520 2519
f 2508 2497 2509 2520
f 2509 2510 2522 2521
f 2510 2511 2523 2522
f 2511 2512 2524 2523
f 2512 2513 2525 2524
f 2513 2514 2526 2525
f 2514 2515 2527 2526
f 2515 2516 2528 2527
f 2516 2517 2529 2528
f 2517 2518 2530 2529
f 2518 2519 2531 2530
f 2519 2520 2532 2531
f 2520 2509 2521 2532
f 2521 2522 2534 2533
f 2522 2523 2535 2534
f 2523 2524 2536 2535
f 2524 2525 2537 2536
f 2525 2526 2538 2537
f 2526 2527 2539 2538
f 2527 2528 2540 2539
f 2528 2529 2541 2540
f 2529 2530 2542 2541
f 2530 2531 2543 2542
f 2531 2532 2544 2543
f 2532 2521 2533 2544
f 2533 2534 2546 2545
f 2534 2535 2547 2546
f 2535 2536 2548 2547
f 2536 2537 2549 2548
f 2537 2538 2550 2549
f 2538 2539 2551 2550
f 2539 2540 2552 2551
f 2540 2541 2553 2552
f 2541 2542 2554 2553
f 2542 2543 2555 2554
f 2543 2544 2556 2555
f 2544 2533 2545 2556
f 2545 2546 2558 2557
f 2546 2547 2559 2558
f 2547 2548 2560 2559
f 2548 2549 2561 2560
f 2549 2550 2562 2561
f 2550 2551 2563 2562
f 2551 2552 2564 2563
f 2552 2553 2565 2564
f 2553 2554 2566 2565
f 2554 2555 2567 2566
f 2555 2556 2568 2567
f 2556 2545 2557 2568
f 2557 2558 2570 2569
f 2558 2559 2571 2570
f 2559 2560 2572 2571
f 2560 2561 2573 2572
f 2561 2562 2574 2573
f 2562 2563 2575 2574
f 2563 2564 2576 2575
f 2564 2565 2577 2576
f 2565 2566 2578 2577
f 2566 2567 2579 2578
f 2567 2568 2580 2579
f 2568 2557 2569 2580
f 2569 2570 2582 2581
f 2570 2571 2583 2582
f 2571 2572 2584 2583
f 2572 2573 2585 2584
f 2573 2574 2586 2585
f 2574 2575 2587 2586
f 2575 2576 2588 2587
f 2576 2577 2589 2588
f 2577 2578 2590 2589
f 2578 2579 2591 2590
f 2579 2580 2592 2591
f 2580 2569 2581 2592
f 2581 2582 2594 2593
f 2582 2583 2595 2594
f 2583 2584 2596 2595
f 2584 2585 2597 2596
f 2585 2586 2598 2597
f 2586 2587 2599 2598
f 2587 2588 2600 2599
f 2588 2589 2601 2600
f 2589 2590 2602 2601
f 2590 2591 2603 2602
f 2591 2592 2604 2603
f 2592 2581 2593 2604
f 2593 2594 2606 2605
f 2594 2595 2607 2606
f 2595 2596 2608 2607
f 2596 2597 2609 2608
f 2597 2598 2610 2609
f 2598 2599 2611 2610
f 2599 2600 2612 2611
f 2600 2601 2613 2612
f 2601 2602 2614 2613
f 2602 2603 2615 2614
f 2603 2604 2616 2615
f 2604 2593 2605 2616
f 2605 2606 2618 2617
f 2606 2607 2619 2618
f 2607 2608 2620 2619
f 2608 2609 2621 2620
f 2609 2610 2622 2621
f 2610 2611 2623 2622
f 2611 2612 2624 2623
f 2612 2613 2625 2624
f 2613 2614 2626 2625
f 2614 2615 2627 2626
f 2615 2616 2628 2627
f 2616 2605 2617 2628
f 2617 2618 2630 2629
f 2618 2619 2631 2630
f 2619 2620 2632 2631
f 2620 2621 2633 2632
f 2621 2622 2634 2633
f 2622 2623 2635 2634
f 2623 2624 2636 2635
f 2624 2625 2637 2636
f 2625 2626 2638 2637
f 2626 2627 2639 2638
f 2627 2628 2640 2639
f 2628 2617 2629 2640
f 2629 2630 2642 2641
f 2630 2631 2643 2642
f 2631 2632 2644 2643
f 2632 2633 2645 2644
f 2633 2634 2646 2645
f 2634 2635 2647 2646
f 2635 2636 2648 2647
f 2636 2637 2649 2648
f 2637 2638 2650 2649
f 2638 2639 2651 2650
f 2639 2640 2652 2651
f 2640 2629 2641 2652
f 2641 2642 2654 2653
f 2642 2643 2655 2654
f 2643 2644 2656 2655
f 2644 2645 2657 2656
f 2645 2646 2658 2657
f 2646 2647 2659 2658
f 2647 2648 2660 2659
f 2648 2649 2661 2660
f 2649 2650 2662 2661
f 2650 2651 2663 2662
f 2651 2652 2664 2663
f 2652 2641 2653 2664
f 2653 2654 2666 2665
f 2654 2655 2667 2666
f 2655 2656 2668 2667
f 2656 2657 2669 2668
f 2657 2658 2670 2669
f 2658 2659 2671 2670
f 2659 2660 2672 2671
f 2660 2661 2673 2672
f 2661 2662 2674 2673
f 2662 2663 2675 2674
f 2663 2664 2676 2675
f 2664 2653 2665 2676
f 2665 2666 2678 2677
f 2666 2667 2679 2678
f 2667 2668 2680 2679
f 2668 2669 2681 2680
f 2669 2670 2682 2681
f 2670 2671 2683 2682
f 2671 2672 2684 2683
f 2672 2673 2685 2684
f 2673 2674 2686 2685
f 2674 2675 2687 2686
f 2675 2676 2688 2687
f 2676 2665 2677 2688
f 2677 2678 2690 2689
f 2678 2679 2691 2690
f 2679 2680 2692 2691
f 2680 2681 2693 2692
f 2681 2682 2694 2693
f 2682 2683 2695 2694
f 2683 2684 2696 2695
f 2684 2685 2697 2696
f 2685 2686 2698 2697
f 2686 2687 2699 2698
f 2687 2688 2700 2699
f 2688 2677 2689 2700
f 2689 2690 2702 2701
f 2690 2691 2703 2702
f 2691 2692 2704 2703
f 2692 2693 2705 2704
f 2693 2694 2706 2705
f 2694 2695 2707 2706
f 2695 2696 2708 2707
f 2696 2697 2709 2708
f 2697 2698 2710 2709
f 2698 2699 2711 2710
f 2699 2700 2712 2711
f 2700 2689 2701 2712
f 2701 2702 2714 2713
f 2702 2703 2715 2714
f 2703 2704 2716 2715
f 2704 2705 2717 2716
f 2705 2706 2718 2717
f 2706 2707 2719 2718
f 2707 2708 2720 2719
f 2708 2709 2721 2720
f 2709 2710 2722 2721
f 2710 2711 2723 2722
f 2711 2712 2724 2723
f 2712 2701 2713 2724
f 2713 2714 2726 2725
f 2714 2715 2727 2726
f 2715 2716 2728 2727
f 2716 2717 2729 2728
f 2717 2718 2730 2729
f 2718 2719 2731 2730
f 2719 2720 2732 2731
f 2720 2721 2733 2732
f 2721 2722 2734 2733
f 2722 2723 2735 2734
f 2723 2724 2736 2735
f 2724 2713 2725 2736
f 2725 2726 2738 2737
f 2726 2727 2739 2738
f 2727 2728 2740 2739
f 2728 2729 2741 2740
f 2729 2730 2742 2741
f 2730 2731 2743 2742
f 2731 2732 2744 2743
f 2732 2733 2745 2744
f 2733 2734 2746 2745
f 2734 2735 2747 2746
f 2735 2736 2748 2747
f 2736 2725 2737 2748
f 2737 2738 2750 2749
f 2738 2739 2751 2750
f 2739 2740 2752 2751
f 2740 2741 2753 2752
f 2741 2742 2754 2753
f 2742 2743 2755 2754
f 2743 2744 2756 2755
f 2744 2745 2757 2756
f 2745 2746 2758 2757
f 2746 2747 2759 2758
f 2747 2748 2760 2759
f 2748 2737 2749 2760
f 2749 2750 2762 2761
f 2750 2751 2763 2762
f 2751 2752 2764 2763
f 2752 2753 2765 2764
f 2753 2754 2766 2765
f 2754 2755 2767 2766
f 2755 2756 2768 2767
f 2756 2757 2769 2768
f 2757 2758 2770 2769
f 2758 2759 2771 2770
f 2759 2760 2772 2771
f 2760 2749 2761 2772
f 2761 2762 2774 2773
f 2762 2763 2775 2774
f 2763 2764 2776 2775
f 2764 2765 2777 2776
f 2765 2766 2778 2777
f 2766 2767 2779 2778
f 2767 2768 2780 2779
f 2768 2769 2781 2780
f 2769 2770 2782 2781
f 2770 2771 2783 2782
f 2771 2772 2784 2783
f 2772 2761 2773 2784
f 2773 2774 2786 2785
f 2774 2775 2787 2786
f 2775 2776 2788 2787
f 2776 2777 2789 2788
f 2777 2778 2790 2789
f 2778 2779 2791 2790
f 2779 2780 2792 2791
f 2780 2781 2793 2792
f 2781 2782 2794 2793
f 2782 2783 2795 2794
f 2783 2784 2796 2795
f 2784 2773 2785 2796
f 2785 2786 2798 2797
f 2786 2787 2799 2798
f 2787 2788 2800 2799
f 2788 2789 2801 2800
f 2789 2790 2802 2801
f 2790 2791 2803 2802
f 2791 2792 2804 2803
f 2792 2793 2805 2804
f 2793 2794 2806 2805
f 2794 2795 2807 2806
f 2795 2796 2808 2807
f 2796 2785 2797 2808
f 2797 2798 2810 2809
f 2798 2799 2811 2810
f 2799 2800 2812 2811
f 2800 2801 2813 2812
f 2801 2802 2814 2813
f 2802 2803 2815 2814
f 2803 2804 2816 2815
f 2804 2805 2817 2816
f 2805 2806 2818 2817
f 2806 2807 2819 2818
f 2807 2808 2820 2819
f 2808 2797 2809 2820
f 2809 2810 2822 2821
f 2810 2811 2823 2822
f 2811 2812 2824 2823
f 2812 2813 2825 2824
f 2813 2814 2826 2825
f 2814 2815 2827 2826
f 2815 2816 2828 2827
f 2816 2817 2829 2828
f 2817 2818 2830 2829
f 2818 2819 2831 2830
f 2819 2820 2832 2831
f 2820 2809 2821 2832
f 2821 2822 2834 2833
f 2822 2823 2835 2834
f 2823 2824 2836 2835
f 2824 2825 2837 2836
f 2825 2826 2838 2837
f 2826 2827 2839 2838
f 2827 2828 2840 2839
f 2828 2829 2841 2840
f 2829 2830 2842 2841
f 2830 2831 2843 2842
f 2831 2832 2844 2843
f 2832 2821 2833 2844
f 2833 2834 2846 2845
f 2834 2835 2847 2846
f 2835 2836 2848 2847
f 2836 2837 2849 2848
f 2837 2838 2850 2849
f 2838 2839 2851 2850
f 2839 2840 2852 2851
f 2840 2841 2853 2852
f 2841 2842 2854 2853
f 2842 2843 2855 2854
f 2843 2844 2856 2855
f 2844 2833 2845 2856
f 2845 2846 2858 2857
f 2846 2847 2859 2858
f 2847 2848 2860 2859
f 2848 2849 2861 2860
f 2849 2850 2862 2861
f 2850 2851 2863 2862
f 2851 2852 2864 2863
f 2852 2853 2865 2864
f 2853 2854 2866 2865
f 2854 2855 2867 2866
f 2855 2856 2868 2867
f 2856 2845 2857 2868
f 2857 2858 2870 2869
f 2858 2859 2871 2870
f 2859 2860 2872 2871
f 2860 2861 2873 2872
f 2861 2862 2874 2873
f 2862 2863 2875 2874
f 2863 2864 2876 2875
f 2864 2865 2877 2876
f 2865 2866 2878 2877
f 2866 2867 2879 2878
f 2867 2868 2880 2879
f 2868 2857 2869 2880
f 2869 2870 2882 2881
f 2870 2871 2883 2882
f 2871 2872 2884 2883
f 2872 2873 2885 2884
f 2873 2874 2886 2885
f 2874 2875 2887 2886
f 2875 2876 2888 2887
f 2876 2877 2889 2888
f 2877 2878 2890 2889
f 2878 2879 2891 2890
f 2879 2880 2892 2891
f 2880 2869 2881 2892
f 2881 2882 2894 2893
f 2882 2883 2895 2894
f 2883 2884 2896 2895
f 2884 2885 2897 2896
f 2885 2886 2898 2897
f 2886 2887 2899 2898
f 2887 2888 2900 2899
f 2888 2889 2901 2900
f 2889 2890 2902 2901
f 2890 2891 2903 2902
f 2891 2892 2904 2903
f 2892 2881 2893 2904
f 2893 2894 2906 2905
f 2894 2895 2907 2906
f 2895 2896 2908 2907
f 2896 2897 2909 2908
f 2897 2898 2910 2909
f 2898 2899 2911 2910
f 2899 2900 2912 2911
f 2900 2901 2913 2912
f 2901 2902 2914 2913
f 2902 2903 2915 2914
f 2903 2904 2916 2915
f 2904 2893 2905 2916
f 2905 2906 2918 2917
f 2906 2907 2919 2918
f 2907 2908 2920 2919
f 2908 2909 2921 2920
f 2909 2910 2922 2921
f 2910 2911 2923 2922
f 2911 2912 2924 2923
f 2912 2913 2925 2924
f 2913 2914 2926 2925
f 2914 2915 2927 2926
f 2915 2916 2928 2927
f 2916 2905 2917 2928
f 2917 2918 2930 2929
f 2918 2919 2931 2930
f 2919 2920 2932 2931
f 2920 2921 2933 2932
f 2921 2922 2934 2933
f 2922 2923 2935 2934
f 2923 2924 2936 2935
f 2924 2925 2937 2936
f 2925 2926 2938 2937
f 2926 2927 2939 2938
f 2927 2928 2940 2939
f 2928 2917 2929 2940
f 2929 2930 2942 2941
f 2930 2931 2943 2942
f 2931 2932 2944 2943
f 2932 2933 2945 2944
f 2933 2934 2946 2945
f 2934 2935 2947 2946
f 2935 2936 2948 2947
f 2936 2937 2949 2948
f 2937 2938 2950 2949
f 2938 2939 2951 2950
f 2939 2940 2952 2951
f 2940 2929 2941 2952
f 2941 2942 2954 2953
f 2942 2943 2955 2954
f 2943 2944 2956 2955
f 2944 2945 2957 2956
f 2945 2946 2958 2957
f 2946 2947 2959 2958
f 2947 2948 2960 2959
f 2948 2949 2961 2960
f 2949 2950 2962 2961
f 2950 2951 2963 2962
f 2951 2952 2964 2963
f 2952 2941 2953 2964
f 2953 2954 2966 2965
f 2954 2955 2967 2966
f 2955 2956 2968 2967
f 2956 2957 2969 2968
f 2957 2958 2970 2969
f 2958 2959 2971 2970
f 2959 2960 2972 2971
f 2960 2961 2973 2972
f 2961 2962 2974 2973
f 2962 2963 2975 2974
f 2963 2964 2976 2975
f 2964 2953 2965 2976
f 2965 2966 2978 2977
f 2966 2967 2979 2978
f 2967 2968 2980 2979
f 2968 2969 2981 2980
f 2969 2970 2982 2981
f 2970 2971 2983 2982
f 2971 2972 2984 2983
f 2972 2973 2985 2984
f 2973 2974 2986 2985
f 2974 2975 2987 2986
f 2975 2976 2988 2987
f 2976 2965 2977 2988
f 2977 2978 2990 2989
f 2978 2979 2991 2990
f 2979 2980 2992 2991
f 2980 2981 2993 2992
f 2981 2982 2994 2993
f 2982 2983 2995 2994
f 2983 2984 2996 2995
f 2984 2985 2997 2996
f 2985 2986 2998 2997
f 2986 2987 2999 2998
f 2987 2988 3000 2999
f 2988 2977 2989 3000
f 2989 2990 3002 3001
f 2990 2991 3003 3002
f 2991 2992 3004 3003
f 2992 2993 3005 3004
f 2993 2994 3006 3005
f 2994 2995 3007 3006
f 2995 2996 3008 3007
f 2996 2997 3009 3008
f 2997 2998 3010 3009
f 2998 2999 3011 3010
f 2999 3000 3012 3011
f 3000 2989 3001 3012
f 3001 3002 3014 3013
f 3002 3003 3015 3014
f 3003 3004 3016 3015
f 3004 3005 3017 3016
f 3005 3006 3018 3017
f 3006 3007 3019 3018
f 3007 3008 3020 3019
f 3008 3009 3021 3020
f 3009 3010 3022 3021
f 3010 3011 3023 3022
f 3011 3012 3024 3023
f 3012 3001 3013 3024
f 3013 3014 3026 3025
f 3014 3015 3027 3026
f 3015 3016 3028 3027
f 3016 3017 3029 3028
f 3017 3018 3030 3029
f 3018 3019 3031 3030
f 3019 3020 3032 3031
f 3020 3021 3033 3032
f 3021 3022 3034 3033
f 3022 3023 3035 3034
f 3023 3024 3036 3035
f 3024 3013 3025 3036
f 3025 3026 3038 3037
f 3026 3027 3039 3038
f 3027 3028 3040 3039
f 3028 3029 3041 3040
f 3029 3030 3042 3041
f 3030 3031 3043 3042
f 3031 3032 3044 3043
f 3032 3033 3045 3044
f 3033 3034 3046 3045
f 3034 3035 3047 3046
f 3035 3036 3048 3047
f 3036 3025 3037 3048
f 3037 3038 3050 3049
f 3038 3039 3051 3050
f 3039 3040 3052 3051
f 3040 3041 3053 3052
f 3041 3042 3054 3053
f 3042 3043 3055 3054
f 3043 3044 3056 3055
f 3044 3045 3057 3056
f 3045 3046 3058 3057
f 3046 3047 3059 3058
f 3047 3048 3060 3059
f 3048 3037 3049 3060
f 3049 3050 2 1
f 3050 3051 3 2
f 3051 3052 4 3
f 3052 3053 5 4
f 3053 3054 6 5
f 3054 3055 7 6
f 3055 3056 8 7
f 3056 3057 9 8
f 3057 3058 10 9
f 3058 3059 11 10
f 3059 3060 12 11
f 3060 3049 1 12
